index,frb_name,fingerprint,name,timestamp,dm,fluence,width_ms,scattering_ms,ra,dec,snr,peak_freq
0,FRB20180725A,6b8b15267ec67ecfcc6fcfeaa9e8b8c88ec45accc85fc0f8e2c8c9081cb04770,FRB20180725A,2018-07-25T17:59:42.996990,715.8093,4.1,0.000296,0.0011,93.42,67.07,33.2,607.4
1,FRB20180727A,e662aecc177278a0bc81eb4cfaeb5cd380c09b7564a2858ff9599fcfc51e58fb,FRB20180727A,2018-07-27T00:52:13.000901,642.134,2.3,0.00139,,197.72,26.42,12.2,493.3
2,FRB20180729A,d3303340a3ff2fcb0ba6136c843a1f19e61cf695b9151464dba57f362f1c1e21,FRB20180729A,2018-07-29T00:48:19.998574,109.5942,17.0,0.00098,0.00016,199.4,55.58,206.6,525.6
3,FRB20180729B,033d1deac15d95287f054f163c52844a688cd6ee6d3741bba1f556128f251768,FRB20180729B,2018-07-29T17:28:21.999162,317.2235,1.2,0.000314,0.00066,89.93,56.5,22.0,657.5
4,FRB20180730A,a1bfb92de6935a8ce8bdc57511963709b52f39e7403b83f58489ee577059ba3e,FRB20180730A,2018-07-30T03:37:38.000608,848.9041,27.0,0.000468,0.00207,57.39,87.19,89.8,483.5
5,FRB20180801A,2ab35da88e392d71dd46362a69a1d7545f9768551d79eb911e4da3f194a50497,FRB20180801A,2018-08-01T08:47:23.988950,655.728,7.9,0.00058,0.00554,322.53,72.72,40.9,595.6
6,FRB20180806A,7681a3891ed3c04c5faa70f532b0e5124eeeabb6219b88b73b9676db67846a8d,FRB20180806A,2018-08-06T14:13:13.000175,739.9482,7.6,0.00141,,228.56,75.62,14.4,665.3
7,FRB20180810A,5b88bb6ddf4865c55dddbbd1a4dffc928a60b0d90d4e90f84bdca5369cd87a04,FRB20180810A,2018-08-10T17:29:00.001277,414.8804,1.7,0.000322,0.00025,101.47,34.86,16.5,552.9
8,FRB20180810B,45ebfd33d1f3383d510ad9a38d01f6a6f9ebceca2e5423d4c701fe8cd2c82e53,FRB20180810B,2018-08-10T22:40:44.000440,169.1385,7.9,0.000311,0.0002,180.41,83.14,55.1,400.2
9,FRB20180812A,aba2dbc048244b08a8370543b5c0ff1f4f08069a864d0335692ad648a69fcda2,FRB20180812A,2018-08-12T11:45:43.998981,802.451,5.4,0.00786,0.00281,19.33,80.78,20.5,400.2
10,FRB20180814B,61cecd2f8fddb11b19862248edbd5d311c75f56a70930824cf5091289c412769,FRB20180814B,2018-08-14T14:20:16.997885,238.3474,10.6,0.000764,,238.26,74.02,24.4,800.2
11,FRB20180814B,6e3f4ba2cb510bbf349b8a204ab1d1a55793007b75deaddad65bcf3d8c059257,FRB20180814B,2018-08-14T14:20:17.000805,238.3474,10.6,0.00083,,238.26,74.02,24.4,800.2
12,FRB20180814A,55d471dae892932dfe0852357ee1af7b13a3ace8d16708732eb21987bff3dd38,FRB20180814A,2018-08-14T14:49:49.994996,189.286,2.6,0.00254,,65.54,73.63,22.1,464.2
13,FRB20180817A,d7915ecc410b56adb2994d718772d02f08cd8cf74b8a412330fcec6e34cb300d,FRB20180817A,2018-08-17T01:49:33.999727,1006.7714,29.0,0.00189,0.01103,233.2,42.2,65.1,501.1
14,FRB20180904A,f1152e88dd6d4f4186888fa68d7d91abade86a1fb08e3709db49ee01598a9b40,FRB20180904A,2018-09-04T16:06:42.178954,361.1374,6.0,0.000527,,286.58,81.22,74.6,519.7
15,FRB20180906A,5821439e857450aa956f0e94ff314b9d9a9e7f5eb3845514f5bde50ff2201710,FRB20180906A,2018-09-06T18:25:49.240249,383.456,2.7,0.00135,,141.48,14.29,10.9,800.2
16,FRB20180906B,bb82eeeedfee9f5afd5fc35a843564f425a7b169ddd646ea86322af83ae46b70,FRB20180906B,2018-09-06T21:18:38.647160,3038.058,1.5,0.0059,0.0048,185.75,56.42,17.9,449.3
17,FRB20180907D,50eefff3d6d22aaa0cf04704d917aeb5ff1e6e3c258b3b304d148f4da451b0ba,FRB20180907D,2018-09-07T06:05:58.927632,1447.098,4.9,0.00222,,328.95,89.22,13.8,800.2
18,FRB20180907A,13dc29dd434d7df6a5b18aaed2a65bda505e26bd4d449be9801c5c7390e23589,FRB20180907A,2018-09-07T06:15:50.702772,877.24,2.8,0.00087,0.00026,320.87,29.46,25.4,400.2
19,FRB20180907B,42c32a702aaaefea3e0c899bfad20efab7850bf9ad42ab4d66bf3e1a0f155241,FRB20180907B,2018-09-07T09:10:11.254063,658.1899,2.9,0.00021,0.00113,4.49,19.17,19.3,400.2
20,FRB20180907C,beb9559bc6da27b6d64aace56eca0a686c2d3c55e7f51121377ffd8f6836fbcc,FRB20180907C,2018-09-07T11:48:09.898747,638.1999,1.5,0.00197,0.0008,41.72,77.07,17.1,670.0
21,FRB20180907E,0a53dd4412df74f328910f61ff09122407220ab69bf92b15a0a1100040ec1fdf,FRB20180907E,2018-09-07T20:01:13.125130,383.36,6.9,0.00415,0.00338,167.88,47.09,20.3,400.2
22,FRB20180908B,1684c55d178bb80ba8c7355bab1406de13b78531f91843e552a411ea152e2d2a,FRB20180908B,2018-09-08T21:13:04.062953,195.2393,5.0,0.001882,,188.22,74.19,30.2,584.1
23,FRB20180909A,e9a2e03332bb5c37a7c1c5eef4e4fe93f869894aa86a5887f114eb38e883ca1e,FRB20180909A,2018-09-09T16:56:36.771274,408.647,1.0,0.00631,,123.63,56.76,13.9,400.2
24,FRB20180910A,4ed39b8b2389e5e83b516d5eaea6053f02ffd44c2ed3655bb370015db7476b36,FRB20180910A,2018-09-10T08:06:06.668412,684.4081,5.6,0.000205,0.00024,352.77,88.21,50.4,417.6
25,FRB20180911C,3c88d31069211468a5cd0d6992eac6229f0f32112ee1730820a1506414e5eb07,FRB20180911C,2018-09-11T12:59:16.451319,189.84,6.2,0.00319,,65.54,73.63,23.3,599.0
26,FRB20180911A,9ae26c4cb66c2c1f8e0bffc1bad7e2f4cfcd853fbad69ec673d214361c447c4f,FRB20180911A,2018-09-11T15:00:21.396992,221.254,2.6,0.000831,,99.55,84.62,26.8,400.2
27,FRB20180915A,a3c255864c556a0e9a66e80e14d7026af352fbca9d48cfc213019ffb9acd5f3f,FRB20180915A,2018-09-15T03:03:45.456065,371.029,6.2,0.0008,0.00088,280.55,17.91,16.3,571.9
28,FRB20180915B,791db0a766510b0e4a52a002cf4bbfa76307c33aa3f1ddb7e07dec78d5c14bd7,FRB20180915B,2018-09-15T23:24:33.228507,177.127,3.8,0.001694,0.00011,225.23,25.02,36.1,400.2
29,FRB20180916A,c6a37ed7ca042484be433be8f6464462a04e6b36b4145cccd3ed502b676d86d6,FRB20180916A,2018-09-16T07:33:13.489379,296.0275,4.5,0.00098,0.00019,348.97,80.33,32.5,464.7
30,FRB20180916B,11da5e3b382642b7d3c30d2b14547db6dd6d09369dcb1f368e9af9ad9592189e,FRB20180916B,2018-09-16T10:15:19.829557,349.3491,6.1,0.000765,0.00105,29.5,65.72,36.7,603.9
31,FRB20180916C,01843771d3f533ed63cf450e78fcb7fe0bbe6abae150e7ea2c2fb9a8475cee71,FRB20180916C,2018-09-16T15:26:21.045869,2252.873,2.1,0.00406,,107.15,45.08,15.6,640.9
32,FRB20180917B,3813893841e6681ad5d59a306015e84cdb05b462efd3e361300821ff27b4f079,FRB20180917B,2018-09-17T00:08:55.687508,857.038,8.3,0.00247,0.0066,238.8,77.53,24.3,456.2
33,FRB20180917A,ce565180afc4dcbfcecf17351d006da8a8be24584984a537f7e4de3b2a5d1253,FRB20180917A,2018-09-17T00:46:38.135963,189.917,46.0,0.00178,0.008,65.54,73.63,46.6,800.2
34,FRB20180917A,45308592b57ebcf12a67133cb353df906a5de4a278ff882dbb743fec8198f0a5,FRB20180917A,2018-09-17T00:46:38.152793,189.917,46.0,0.00345,0.008,65.54,73.63,46.6,701.7
35,FRB20180917A,ddf43a0768632f680a855eb5c35f3fb081dac49a3517bccef3b2e4cf6c95ce12,FRB20180917A,2018-09-17T00:46:38.178739,189.917,46.0,0.0076,0.008,65.54,73.63,46.6,639.7
36,FRB20180918A,6c63e6c278f8d627b98c62a39ca5b1c724c8f88e97000e5282a431c200f374a9,FRB20180918A,2018-09-18T04:11:27.274462,1453.9882,4.1,0.00055,0.00146,301.27,64.96,24.4,617.6
37,FRB20180919B,ffc593ff6624c3c39008354481f7ee8fb7bacafa1a29bba98a5f24a3227dd517,FRB20180919B,2018-09-19T08:29:24.520785,560.2214,3.0,0.000408,,5.34,5.94,18.8,487.6
38,FRB20180919A,cd5b11ef08f29e1d085c95adae6f4ea792747fd67616c7f181e481193bd1a9d3,FRB20180919A,2018-09-19T12:36:11.851229,188.85,3.1,0.00378,,65.54,73.63,14.6,432.6
39,FRB20180920A,d6f3857e10171c7c23391a35c9d39e7aeffd7cc4974943cf450f669162a93532,FRB20180920A,2018-09-20T13:19:36.915168,555.66,8.5,0.00222,0.0091,78.89,28.29,20.2,585.9
40,FRB20180920B,be6cd747789955bc22bab0ebf4994993de0dfb9d92ff935cb5a814e90481847f,FRB20180920B,2018-09-20T20:41:23.335642,463.4,1.7,0.00233,0.00173,191.09,63.52,15.8,421.1
41,FRB20180921A,94a6ea2b1e7d32c555d7e889d56e15628f114a5bba951818db34ee2d2fb16d7a,FRB20180921A,2018-09-21T09:54:02.915654,394.372,2.3,0.00114,,28.92,5.05,11.1,419.9
42,FRB20180922A,6227431cda324581e3b4f581473baf2297d84e9d3a43b17c4c403531057f168f,FRB20180922A,2018-09-22T06:38:34.571907,555.687,7.7,0.000806,0.00031,342.29,69.67,32.4,400.2
43,FRB20180923A,b4685b461890658c3a1edd577a9067e29e5c7123ca5141e63295ee6d49c355bb,FRB20180923A,2018-09-23T05:42:50.598855,219.4397,1.2,0.00015,0.00021,327.61,71.92,24.3,468.9
44,FRB20180923D,87fc9819a428a8075e48b76de1559b26617b27e8d1d540f26cc863afdb51c633,FRB20180923D,2018-09-23T19:06:51.596049,329.3996,2.2,0.00098,0.00011,169.08,48.75,91.0,448.0
45,FRB20180923C,ba2e586e90f5a9db8941fb9c0acd31bf2ba0c7dac8def49714a39b76ed81fae5,FRB20180923C,2018-09-23T23:47:24.512266,173.9839,1.4,0.00032,0.0005,239.14,22.85,17.7,420.5
46,FRB20180924A,183d28f7a5030e187e15ade3670eb6730972d278f07a2bb4a08a32f83fcc566a,FRB20180924A,2018-09-24T10:08:46.421007,1116.5456,3.5,0.00087,,35.46,37.52,21.4,770.6
47,FRB20180925A,42b5a4cc9a04e0cea8db2335aced2011c9dda32dfd404b366f5bc9ba44493af9,FRB20180925A,2018-09-25T12:43:17.211648,237.742,8.7,0.00452,,74.93,77.99,13.7,800.2
48,FRB20180925B,89bc195d4445dbe1874ef4ab8627f60702ebc4b9e530ae51fbbb9e00e3e77f33,FRB20180925B,2018-09-25T17:26:59.423044,667.866,2.7,0.00115,,145.45,20.99,16.1,479.6
49,FRB20180928A,9b1639e5d4a9538c7515e06e6ae26c71f215cc801fde186b2b2bdd7d03f75a5b,FRB20180928A,2018-09-28T04:24:31.505222,252.7681,2.5,0.000269,0.00015,312.95,30.85,66.0,400.2
50,FRB20181012B,6e51be2b37fd3643e936a7b62570bae866e42b02d8a1f2e6ef09cb804cda20a1,FRB20181012B,2018-10-12T20:22:26.855530,715.189,1.4,0.00056,0.00026,206.33,64.15,16.1,428.3
51,FRB20181013A,163db72c2e27a3e3dbe21d181f7d2cae785f59bb47345a25e19adf7235e737b4,FRB20181013A,2018-10-13T00:04:30.086141,309.3055,3.5,0.000512,,262.83,38.41,31.4,443.7
52,FRB20181013E,deeb36d34c214df9270342339eab6a3cb83838fc58aa15c7c48bcbcbff893fb5,FRB20181013E,2018-10-13T02:56:22.726170,345.297,2.0,0.00086,,307.28,69.02,12.8,400.2
53,FRB20181013B,88e96ea1b39d2de8a26dc0596da66dcf80933e941d5de404cbb5f4f744c8c3c0,FRB20181013B,2018-10-13T12:57:52.186262,277.507,21.0,0.0028,0.0656,97.18,52.04,29.9,400.2
54,FRB20181013C,7bd3580c3ab37511f130e72fa9908ebfd6775f4e2f7a35437f0570e6dfe7ee99,FRB20181013C,2018-10-13T16:19:11.497645,1005.766,1.6,0.00076,0.00044,146.07,34.1,15.1,400.2
55,FRB20181014A,2cdb7d781756c52feb62ca22539da15b8d4a9f26a0db9142a4f96a1e71ebeefb,FRB20181014A,2018-10-14T09:39:48.163331,1314.8896,2.7,0.00205,,46.01,63.33,20.6,800.2
56,FRB20181014B,a216550916c09eac21bb3ca27d35ecc6a6e8d655eb74cdd425a79fc9bbeaff49,FRB20181014B,2018-10-14T11:45:31.552007,887.972,1.9,0.00073,0.0011,78.56,14.66,26.2,487.5
57,FRB20181014C,64a6a98183a4d9b04ef31cdc4c24aee6c53b7b7052e60612e7cef2f1e4116a29,FRB20181014C,2018-10-14T14:18:58.719139,752.1671,1.5,0.00079,,117.87,41.59,11.1,537.7
58,FRB20181014D,ed1eb212f23971f4e058d32395474baf4cb41ea129013a09322cba29cc6f3eaf,FRB20181014D,2018-10-14T20:50:28.440793,377.132,18.0,0.00172,,216.04,-2.93,13.9,624.3
59,FRB20181015A,87b36ab7ffe999ac4be685aba7f9ed9384a15d0d1828101387f65526c9056e48,FRB20181015A,2018-10-15T18:04:26.733700,568.8231,3.4,0.000738,,175.76,83.58,13.3,403.2
60,FRB20181017B,aee9eee68fcfa21fa9ff08a60d30ea915f6a2d709885f40024a4c07a0c75010a,FRB20181017B,2018-10-17T22:18:54.316426,307.369,6.5,0.00231,0.0043,237.76,78.5,18.6,593.2
61,FRB20181017A,5a1d84136b86988904d2efb2ccce5faf544015fa98777f67e4916d1c25d12e5b,FRB20181017A,2018-10-17T23:26:11.830502,1281.875,16.0,0.00277,0.0277,256.33,68.28,22.4,535.9
62,FRB20181018B,d9555fe528cfc4cdb09005cc0211879ac33f1a7885c277e3a58a60d4169eb845,FRB20181018B,2018-10-18T04:39:31.375114,293.867,7.9,0.000478,,336.82,71.91,51.3,567.4
63,FRB20181018A,c6a21d09af64264205167a19739b298aca3fb77e85ed25efca61eca2eef4641e,FRB20181018A,2018-10-18T07:20:45.048393,1129.449,5.8,0.0085,,17.03,51.55,12.9,800.2
64,FRB20181018C,3c8c9ce11fb2792db9ed9b9614d9e720c77fc6faaed0721e204ff88a407bd11c,FRB20181018C,2018-10-18T10:42:52.339113,411.1927,3.3,0.000477,,67.15,37.57,41.7,400.2
65,FRB20181019A,7ec8c2b4719b0176e512f6b6bd1e3ff23c25ec45e5608175f070b1993365982d,FRB20181019A,2018-10-19T08:13:22.734681,348.778,10.4,0.00314,,29.5,65.72,27.8,685.7
66,FRB20181019A,b0ce361222cfcb08543dbd0ebdf16a29191053e7dd2b104800614e0bd665144c,FRB20181019A,2018-10-19T08:13:22.798617,348.778,10.4,0.00246,,29.5,65.72,27.8,630.1
67,FRB20181019B,57b5191a266a3ae3bf7356ce2344f7ca09054dbdea258c444256adbd125db551,FRB20181019B,2018-10-19T08:44:33.248371,725.184,2.7,0.0013,,37.87,68.18,10.9,460.1
68,FRB20181019C,a3029ab7cc2dbb4e93adb349bb34ea163d3385e922378db9b0e2adda213c23b9,FRB20181019C,2018-10-19T22:19:38.494041,501.6356,2.1,0.000723,,244.7,66.27,16.2,800.2
69,FRB20181020A,f19790e0d768ffc9adbc403c81d30f066b9b13c73034c9f65f383734ca3c4ca4,FRB20181020A,2018-10-20T03:33:41.471770,1112.473,4.9,0.00196,0.00153,322.62,78.83,12.2,400.2
70,FRB20181022C,a4f7407394445da1ca7de1bfd4baff991af92b8358dbf04a8e269e14381f58a0,FRB20181022C,2018-10-22T03:28:00.975331,528.473,3.2,0.0008,0.00068,141.56,83.81,14.2,443.9
71,FRB20181022D,40a31809f200aceaf1435e0490932a3c31f64576d1512259fc252a45a50bb747,FRB20181022D,2018-10-22T17:53:44.055136,514.3343,6.2,0.000594,,179.18,36.53,52.1,754.7
72,FRB20181022E,d29e15ddea06d2192fc30b9118ce487b25a1616bc3b09cc51030d923359689c9,FRB20181022E,2018-10-22T20:37:27.657869,285.986,2.1,0.0004,0.00063,221.18,27.13,18.8,443.7
73,FRB20181025A,747e74ad7a88b6f245751b173c464e51e233d9dfa316fa947c8568c089de3f9b,FRB20181025A,2018-10-25T12:51:25.973511,592.5644,2.7,0.000355,0.00026,105.78,64.25,20.8,400.2
74,FRB20181027A,2788c1bb0404292670b96a18d4dcc90534b0110420659c3a4c6ff429cf45ad23,FRB20181027A,2018-10-27T14:22:00.507590,727.744,22.0,0.00072,0.00472,131.9,-4.24,22.3,800.2
75,FRB20181028A,e97e4e6a5f720d33ea3eac4701e310732ddf2219a5608c1e308b111c638a346f,FRB20181028A,2018-10-28T10:12:34.475587,189.1063,22.6,0.00607,,65.54,73.63,98.4,483.2
76,FRB20181028A,e80e86fd690d27ae09d34c2173212cc43006ba28964d69266df5f28fb8ac4436,FRB20181028A,2018-10-28T10:12:34.479561,189.1063,22.6,0.001749,,65.54,73.63,98.4,481.3
77,FRB20181028A,9b4e9e2151be2e6ccc4db37d825edd152797cc90e2c9ef6282db263e27b55947,FRB20181028A,2018-10-28T10:12:34.495960,189.1063,22.6,0.002178,,65.54,73.63,98.4,469.3
78,FRB20181028A,5eb2f78f0fdcad94050b41a7f49cd49660645d487a13e577dcac50dc51a05a68,FRB20181028A,2018-10-28T10:12:34.509975,189.1063,22.6,0.00271,,65.54,73.63,98.4,450.9
79,FRB20181028A,2ca47223e8e7ac07cab262c2244d283a198bb6f687806f8a7c1fd49ec2591aca,FRB20181028A,2018-10-28T10:12:34.520429,189.1063,22.6,0.00208,,65.54,73.63,98.4,431.0
80,FRB20181030C,ce9790eb7786982f4d5a24bd7aba05240d44ddaca641eba94ba452c015433409,FRB20181030C,2018-10-30T02:05:33.993168,668.7601,5.5,0.00098,0.00074,309.83,3.99,17.0,500.9
81,FRB20181030A,999aee92fdeddc8f63990f2002a5e051e9885c5f03c4670b076dd9d75c802f27,FRB20181030A,2018-10-30T04:13:13.026230,103.396,8.2,0.000695,,158.35,73.79,10.8,703.7
82,FRB20181030B,634817624446a41a4e504618f9437bb70b9ca2bd22cbd1001901494a63401dc7,FRB20181030B,2018-10-30T04:16:21.642010,103.6425,6.9,0.001255,,158.35,73.79,32.9,521.4
83,FRB20181030D,aae9a1c8b44d019d94a4b1f39b7e3efb9c4f87247849b850c5fd4f1abdd751c0,FRB20181030D,2018-10-30T10:52:05.595110,289.4422,5.9,0.000362,0.00087,81.79,16.07,29.2,514.8
84,FRB20181030E,f7fc232c096a11b32f4d150bb5397d69fc63b8dc4d67c1ad5a1c5250d339ac18,FRB20181030E,2018-10-30T14:26:00.960000,159.6902,6.3,0.0059,0.00097,135.67,8.89,37.7,470.5
85,FRB20181101A,ae0b1a7ea058dd66c3b4e9e79c64296bae13784ef8577b35500faeee8fb3d8f5,FRB20181101A,2018-11-01T06:43:51.629866,1472.678,10.7,0.00603,0.01,21.26,53.88,41.2,497.4
86,FRB20181102A,e6e546d78696524c2ea3b47e5693c550161b9a629da1adc59ccff87674bf9a16,FRB20181102A,2018-11-02T11:03:35.726196,414.4649,2.5,0.00069,,87.22,15.63,11.9,800.2
87,FRB20181104A,8e7f2c218f29f8724edaaf67658e512cde9a51df82b720d905064b2f862bdce1,FRB20181104A,2018-11-04T06:57:18.575081,349.4388,5.0,0.000904,0.00069,29.5,65.72,53.9,534.0
88,FRB20181104B,d83967bc2e75c85a63729460f89f0de1fd2d110ca5505622a5dc6f7073e6a4a7,FRB20181104B,2018-11-04T07:07:01.713936,350.14,4.4,0.00661,,29.5,65.72,18.6,431.3
89,FRB20181104C,7b68e388b3ceff55bfcbe811a6038097c8af894da4a447bf931ef7c27b2c61fe,FRB20181104C,2018-11-04T10:15:06.304089,580.8176,20.7,0.000461,,77.05,17.44,101.3,547.6
90,FRB20181104C,6278acb46e4e6156fd50872a4e8f55f599c34396582e2b5e556eb3c994ab9375,FRB20181104C,2018-11-04T10:15:06.307819,580.8176,20.7,0.00146,,77.05,17.44,101.3,561.0
91,FRB20181115A,9fd70100b92f0c13a2b36fa40a952f04ff5714a873d286f239aec805407e182b,FRB20181115A,2018-11-15T13:54:58.045501,981.613,1.9,0.00183,,142.98,56.4,25.2,468.8
92,FRB20181116A,002614d437cb02ef4c9cbb119e1626e300344908dd25fa041cdc25ae04e674aa,FRB20181116A,2018-11-16T06:44:57.566466,355.433,5.2,0.000439,,36.05,4.52,35.9,445.8
93,FRB20181116B,7c9a362356723ab6e123964128e04151bcb747f4ee56ad05c5e2ad576848df87,FRB20181116B,2018-11-16T19:45:54.299180,409.876,1.9,0.000642,0.00017,232.66,64.94,25.8,400.2
94,FRB20181117C,21b8efc230fae1959d0a09045772c0948204f625735e98b990a52c6f95d6d38e,FRB20181117C,2018-11-17T07:48:47.092890,1773.7387,3.0,0.00393,0.00237,53.21,25.73,36.0,676.5
95,FRB20181117A,c5e91b6b7bca0940c7470689d08f00c7c927768e59ba15fe960d93419785cb3b,FRB20181117A,2018-11-17T14:01:36.597807,959.28,3.1,0.00234,,147.73,52.51,13.5,800.2
96,FRB20181117B,8c93fdca46dd150739711b0ff22f4b5717c860881d5920a73f5d0921c4a27e73,FRB20181117B,2018-11-17T21:30:44.987120,538.2,11.0,0.001,,81.09,79.99,18.9,536.4
97,FRB20181117B,e448534e5fb8d7c0256c597d2d21561b4836582413ee038fc75eb3ce34920bc0,FRB20181117B,2018-11-17T21:30:44.991924,538.2,11.0,0.00128,,81.09,79.99,18.9,480.4
98,FRB20181118A,6e3f8f8b0e31f4cdc1acdb72754bec465c5b41cb67ae73363ef598c3705869cf,FRB20181118A,2018-11-18T05:36:39.219886,557.4068,10.0,0.00127,,20.65,-6.41,13.9,630.1
99,FRB20181118B,db386f3741775039f3ec3e76bbe03727c1085fc39b68e00bfc0c78ec141eb646,FRB20181118B,2018-11-18T08:03:32.678168,422.2771,3.2,0.00161,,58.28,10.79,19.5,534.8
100,FRB20181118C,8a84053dd13bba18f6f92cfdc3cf1b3500870ce97b1f73f759ff12099d22cb16,FRB20181118C,2018-11-18T08:44:49.693980,190.167,1.7,0.00378,,65.54,73.63,17.8,508.7
101,FRB20181119B,586892dd158900591ce417b3df9ccfcbc2c944958b1f753ce70f74ddafc74460,FRB20181119B,2018-11-19T00:05:00.498207,609.1008,94.0,0.00333,0.01659,299.38,31.12,150.9,536.4
102,FRB20181119E,a4d3494a85d54da07a5e701d97f0175ff6b8dd08e14c04bd45023eb168b7c5f6,FRB20181119E,2018-11-19T05:15:42.788823,1169.768,2.2,0.00148,,16.36,60.53,11.3,425.3
103,FRB20181119D,640e85194091735715170d79b52a9309e6b749abf20014ca3d999fa82beafed7,FRB20181119D,2018-11-19T09:38:41.733111,564.367,12.6,0.005,,82.99,33.15,41.8,668.9
104,FRB20181119D,1bacefe4905730af9c65dcc13c50b8b962c286791826754c670affe119c01c14,FRB20181119D,2018-11-19T09:38:41.746070,564.367,12.6,0.0096,,82.99,33.15,41.8,629.2
105,FRB20181119D,0cd63b635a42a2141bf5eb37649f7d2bba3e4ee6c84df0d860dc193eacae6505,FRB20181119D,2018-11-19T09:38:41.766115,564.367,12.6,0.0081,,82.99,33.15,41.8,587.2
106,FRB20181119A,064ad826dbfd9095856535b6698744dfcaf5d104e1930d2ac3a24c02ec55045a,FRB20181119A,2018-11-19T16:49:03.170064,364.09,3.5,0.00684,,190.53,65.13,21.8,498.0
107,FRB20181119C,8ec831e04203f6faca6edc5e16bd2fbba28bbe20c80ba7eb449828302de8e622,FRB20181119C,2018-11-19T17:06:29.113327,284.9594,3.5,0.000449,,190.1,82.16,40.7,400.2
108,FRB20181120B,b7c6c5ab2d0aea0fa235e78e37c21cd529e951d2e4387073974cf8d72f358823,FRB20181120B,2018-11-20T05:56:06.221610,349.736,2.7,0.001156,,29.5,65.72,22.1,653.5
109,FRB20181120C,8dea64720321add854784013e1803a98e657eee4efaf8bd413881d4310694d48,FRB20181120C,2018-11-20T08:25:28.210080,191.7,3.7,0.00246,0.0065,65.54,73.63,15.1,692.9
110,FRB20181122A,da787170a66e1ff7ed592aa4300e5c99a73e9030719e7646f752efac563b350c,FRB20181122A,2018-11-22T07:52:11.508810,662.821,1.4,0.00068,0.00018,60.04,55.48,14.9,400.2
111,FRB20181122B,dc98fce09b5e23695bcfd5a386d7cd9489c1abcd5f2e9814108aa91e9b233919,FRB20181122B,2018-11-22T10:17:50.154653,225.7555,22.0,0.000246,0.00014,281.08,85.02,122.9,480.7
112,FRB20181123A,d9f888a52180f83efd3cb430c084ccd663bef08ebf4ec765de1bd3c3db6afe84,FRB20181123A,2018-11-23T23:51:47.248963,798.718,2.5,0.00058,0.00192,300.76,55.87,19.7,488.5
113,FRB20181124B,804263a72a8c10dd6afa72ab7cb2436f06d311c59fcf99a9042939ce64e4aa8c,FRB20181124B,2018-11-24T01:03:39.056653,801.6446,4.8,0.001119,0.0002,318.56,29.88,33.8,800.2
114,FRB20181124A,04f78b43484fa1ef90eee8e3faabf196bf6d42f8e2c40881b77d296100924656,FRB20181124A,2018-11-24T15:29:07.215049,1108.532,2.6,0.00147,,175.98,63.52,10.3,674.9
115,FRB20181125A,5e6a72c779f6d49de841611ef56d8445d3430a6a06de707b490f98549bc14640,FRB20181125A,2018-11-25T13:37:30.728375,272.19,3.2,0.00128,,147.94,33.93,34.5,434.5
116,FRB20181125A,d485fa31bda4488eca83164e657f343de4c132433f20d5eb5b6b02be4b9b21a4,FRB20181125A,2018-11-25T13:37:30.732643,272.19,3.2,0.00144,,147.94,33.93,34.5,436.6
117,FRB20181125A,9f299ff251019fc9591b4d8b4d43753b1413bcec6ac776745955394c0e004327,FRB20181125A,2018-11-25T13:37:30.738691,272.19,3.2,0.00158,,147.94,33.93,34.5,426.5
118,FRB20181126A,f306ed1f8f27ad6ccf72587f93e0fa2cdb026e6cdb2729c9fcfc2bc1f60d8946,FRB20181126A,2018-11-26T21:00:50.375008,494.2168,9.4,0.000407,0.00016,262.05,81.17,111.0,441.8
119,FRB20181127A,e44e57163118c9256f9d3e7f662965aad771dc439ce3d2b6e1f6eb49cec7c2f9,FRB20181127A,2018-11-27T19:46:09.260290,930.317,2.9,0.00074,0.00058,243.8,25.43,27.6,479.3
120,FRB20181128A,c09fb71ff7418a6cb3bf8655ffb4c53b0990cbaa46723dddb9a1cb5564c6f3b8,FRB20181128A,2018-11-28T08:27:41.619111,450.3823,8.1,0.00102,0.00399,73.92,63.22,35.7,618.9
121,FRB20181128A,dc2b89cedf3034755bad2e3f9ebff5cf7f3069d25da61e17876c97ef430c4b51,FRB20181128A,2018-11-28T08:27:41.629133,450.3823,8.1,0.00182,0.00399,73.92,63.22,35.7,481.5
122,FRB20181128B,870accab6ac1f0dd573e48eb1bbb2613588b760c828b9ba8839f3de350035f29,FRB20181128B,2018-11-28T14:02:56.045820,456.548,1.9,0.00168,0.00044,157.22,38.28,17.2,400.2
123,FRB20181128D,184c9487ea1e41fe934e810e99e71bf0099c33425d2739467338b8bc6b1006f0,FRB20181128D,2018-11-28T17:53:23.228043,146.5012,7.0,0.001071,0.00011,215.62,59.93,55.3,400.2
124,FRB20181128C,bb25942f8fd810eba262579383e773561cacb9b826d46c16475cdc3793080f92,FRB20181128C,2018-11-28T21:21:49.327113,618.35,3.4,0.01475,0.00232,268.77,49.71,22.2,480.3
125,FRB20181128C,219794e6f4e98b2857feb18c304d2ead28ea45cb7cf377f08cb69eb026a1da34,FRB20181128C,2018-11-28T21:21:49.333939,618.35,3.4,0.01475,0.00232,268.77,49.71,22.2,485.8
126,FRB20181129A,f26caee208e1f31ee05e11036ec238d9dd11dcfe9bb6c928b3a7f29d0c42b71c,FRB20181129A,2018-11-29T03:08:06.135095,385.9684,3.1,0.000588,,355.12,44.95,34.7,518.2
127,FRB20181129B,cf8efc0a18fe9868ab5de3157e96ccb2e9899bb42a25fcca539325544381192b,FRB20181129B,2018-11-29T11:33:37.140820,405.905,9.5,0.000364,0.00083,307.56,81.32,25.7,556.8
128,FRB20181129C,e9b96a3eca8b06771868de64beb0c9f236bd6f51e006e599643163c3884cf5de,FRB20181129C,2018-11-29T19:00:24.297255,502.2158,3.6,0.00118,0.00164,233.38,40.03,23.1,560.6
129,FRB20181130A,5b4c11b4a1b9a1c3c2b3493b5b4b9deb1ffa6673287f42f91304f1be9d15229b,FRB20181130A,2018-11-30T03:03:09.589274,220.0896,1.3,0.00048,,355.19,46.49,43.7,412.1
130,FRB20181201A,122b07c33b92ed996bf18b25c71b13cd295d51bce6ad192f3a7d0d1ac3065cc3,FRB20181201A,2018-12-01T17:39:05.736730,694.356,18.9,0.0048,0.0725,214.96,39.27,43.6,419.0
131,FRB20181201B,e1e3aa463028b63c8afcd82ca63349a30a408e8d798c4e0eff572bfe1732997a,FRB20181201B,2018-12-01T21:26:35.334442,876.577,2.2,0.00224,,273.38,56.31,17.4,429.4
132,FRB20181202A,6bfb51efa9444dbe58cce8d2b01e41b2ae81bc96896c0e2ac3eacdf60e5c8fc4,FRB20181202A,2018-12-02T02:41:41.677333,667.9546,13.7,0.00059,0.00404,351.01,17.36,40.6,505.7
133,FRB20181202B,71a12d3505a9280514fe719acc5a0434b8a20a995013bba0cee83e0f037cf340,FRB20181202B,2018-12-02T16:44:20.703503,825.8834,4.1,0.00061,0.00224,202.83,64.72,20.1,590.1
134,FRB20181202C,ddbe00da042cbb54f85fe28a131b0221d9d7e234e8856586105902eabe51a582,FRB20181202C,2018-12-02T23:37:08.801397,557.1604,3.4,0.00049,0.0079,307.13,57.03,19.0,487.4
135,FRB20181203A,b61cfd6d5aa76519f268e28c5b5af1edfa1fa61404c3e9cb722f408186fdd808,FRB20181203A,2018-12-03T05:25:15.013301,635.9255,3.6,0.000171,0.00144,33.6,23.57,29.4,800.2
136,FRB20181203B,19bae2126452aa627a566adae7db652809d89db2092ec3a0e5e23903ed6f5c1b,FRB20181203B,2018-12-03T06:23:17.112140,375.3871,4.5,0.000578,0.00232,47.31,24.02,35.4,693.2
137,FRB20181203C,06549d2bb774536d1d73538c0b03ce5625edc611110557eb0e0c8f8445f28e5c,FRB20181203C,2018-12-03T16:16:50.347166,2444.57,4.8,0.00365,0.00097,198.48,72.94,22.5,400.2
138,FRB20181208A,f73257645ee21ae6934b1e999ba49d4a9e46b386b4856e2bfe5080cfb20455bc,FRB20181208A,2018-12-08T20:33:03.113709,562.777,4.0,0.00093,0.00113,264.43,62.62,29.7,400.3
139,FRB20181209A,26d44159b823ae7e55b354c5a43e2eb642f67f1a8457a0f1194e17adaf849b4e,FRB20181209A,2018-12-09T09:24:51.811432,328.6557,3.2,0.000597,,98.16,68.69,47.4,403.5
140,FRB20181213A,8b4db02c7f77741583c5390625550b499192618255a9b02cebf684ec0bc6afbe,FRB20181213A,2018-12-13T11:08:10.871765,678.672,3.2,0.001359,,127.66,73.87,21.6,400.2
141,FRB20181213B,7b233adaead3615e0de15e90afea7c297b21ef7190217c7a22af611df1f0c153,FRB20181213B,2018-12-13T14:47:13.871743,626.593,1.7,0.00085,,183.52,53.7,16.3,664.0
142,FRB20181213C,d4d4bdf615627eb27ea64ce5baa1a32cd54b4f53f611944f67e3008e72b8d331,FRB20181213C,2018-12-13T17:00:20.361134,380.736,1.9,0.00125,,216.4,47.46,15.0,400.2
143,FRB20181214A,c939b45bf514134774410e61abc341fc6f8cdbe99a1d0c639a9f5dbeed57cf6c,FRB20181214A,2018-12-14T07:08:15.142116,468.148,0.4,0.000533,0.00044,70.0,43.07,45.2,435.0
144,FRB20181214B,30b604790ab688f3c0fc9a5d952fa78679b1d1effc5362659bb927aed6ec8adb,FRB20181214B,2018-12-14T11:40:20.948854,1120.746,1.2,0.00109,,138.79,42.15,13.3,400.2
145,FRB20181214C,79400ce7191e000fe2c67ff76d31978f6c1012e5ea8aa516a96e6365bcfc98c9,FRB20181214C,2018-12-14T14:16:32.825551,632.7849,5.0,0.000631,0.00163,175.93,60.02,39.9,400.2
146,FRB20181214D,76644747feb2a10d12801baf18156272119c8fd9a634f5c5fa080c8cd986a7d7,FRB20181214D,2018-12-14T14:20:56.281909,1177.319,9.0,0.00099,0.018,178.57,46.71,28.5,700.7
147,FRB20181214F,940164061d16fec269e42553ae37cf8081da9eccf566e3bf6c353ade433fb807,FRB20181214F,2018-12-14T19:19:07.898765,2105.76,2.2,0.0023,0.00152,252.62,32.44,20.2,425.7
148,FRB20181215A,58aa37e23a085f6c6edfb70dfcf7798531a57a1c9c5cb63f553cb5ba10c1d231,FRB20181215A,2018-12-15T08:39:37.369636,412.632,0.7,0.00134,,93.38,39.34,11.8,400.2
149,FRB20181215B,797546413a2f3a84710d1644328144b6f5951439ed12299487de426d0b97dab5,FRB20181215B,2018-12-15T19:20:44.049550,494.0142,2.9,0.000559,,254.81,47.56,29.8,590.2
150,FRB20181216A,f8844e57f48e0a0f586438be95285522dbb6e2bed604b5d86323e623f7144173,FRB20181216A,2018-12-16T22:44:42.273297,542.7376,1.7,0.00022,0.00089,306.28,53.53,15.7,634.0
151,FRB20181217A,4922d7e3b53e9f5703ef5c185ebb234c239e07e6955ddaaf8ae30b725ee63f4f,FRB20181217A,2018-12-17T21:34:49.354150,1177.1666,1.8,0.001015,,290.5,59.8,15.8,663.5
152,FRB20181218A,b29b3a43cc24c8d63d2c150d944d454be1fffda86515b904dbb01a81b494142d,FRB20181218A,2018-12-18T02:37:46.581093,1874.406,1.6,0.00139,0.00022,5.06,71.35,30.8,448.4
153,FRB20181218B,5a6c7cbfa91107bac69ea89592494ffe3772d134b9690180cce1d08840f14d9e,FRB20181218B,2018-12-18T03:34:08.760346,753.405,1.8,0.00169,,18.04,69.39,14.9,400.2
154,FRB20181218C,d1cf3ba8f1f41b0da176ac7837e97fdcf56522ec8bbc679458b9c357e645ece2,FRB20181218C,2018-12-18T21:15:57.379219,384.153,1.7,0.0052,,285.98,58.24,13.5,472.7
155,FRB20181219B,232b31e89eededf7a0d728a4a994a61e71bbccc1cc7bb36696c6882c060efcbc,FRB20181219B,2018-12-19T02:07:50.788361,1952.166,27.0,0.000574,0.00526,180.79,71.55,43.0,800.2
156,FRB20181219C,e6c16d9b37ddadd7cee6b76df097fd68ed0f06eebdb0efaf56b2caf3ab8ca65b,FRB20181219C,2018-12-19T03:21:38.716459,647.891,0.6,0.00126,0.00053,17.77,14.11,27.7,400.2
157,FRB20181219A,08380af9bb4bc5d2d196d119d2d50afa97777117cd78929120a997a46d3e8bdd,FRB20181219A,2018-12-19T07:04:41.679149,451.806,4.7,0.00536,,73.92,63.22,16.3,527.9
158,FRB20181220A,bb2048e4475aa495f7df75a338a0a6a81f9f1fb371a3f56177cebbbe43a680db,FRB20181220A,2018-12-20T01:07:11.736699,209.4017,3.0,0.000435,0.00046,346.11,48.43,40.1,400.2
159,FRB20181220B,84f25ddece2a5111151974fd5a29f0951c117bb113a5822c5a49b4c7edc4fedf,FRB20181220B,2018-12-20T08:30:52.647256,257.7994,3.8,0.000558,,277.37,84.87,24.7,419.5
160,FRB20181221A,493e258fab48dad83f9ab75cbdd20309848b5d17dd02b67acc555996c3b0f614,FRB20181221A,2018-12-21T17:22:35.300024,316.237,5.8,0.000754,0.00132,230.58,25.86,78.8,510.1
161,FRB20181221B,0a5ea01c07c52fe7058559656d50933a48aa7cd852b62d0d6231b2ffb6002479,FRB20181221B,2018-12-21T22:35:40.360428,1395.021,3.3,0.001037,,306.31,80.98,52.1,492.2
162,FRB20181222A,8312306f4c78d9df72501d22db74a80e2bc8a0cc4e585cc7de7267bf78321c11,FRB20181222A,2018-12-22T03:59:23.275098,348.7365,50.0,0.005158,,29.5,65.72,214.4,713.2
163,FRB20181222A,95034279156aa2a1dfccee7675c3cc97e7128944f27f945b0360373b8358973d,FRB20181222A,2018-12-22T03:59:23.279872,348.7365,50.0,0.000382,,29.5,65.72,214.4,699.0
164,FRB20181222A,da8941609582d0186b46d55660fc6373bc4dd63d4604d189fc756ae43fb4265d,FRB20181222A,2018-12-22T03:59:23.288211,348.7365,50.0,0.001718,,29.5,65.72,214.4,671.6
165,FRB20181222A,4d7cc8e993c4c2529671fef7f4ee3b427a6d244775bc68c9854ee8fe745fd0a4,FRB20181222A,2018-12-22T03:59:23.297611,348.7365,50.0,0.00581,,29.5,65.72,214.4,649.3
166,FRB20181222B,d903f1004bd106ae99ec106b86c852fb0b662bbdacc1f149d2b88b6d0a67a00b,FRB20181222B,2018-12-22T07:54:37.238783,619.2478,0.8,0.000596,,90.04,38.55,12.7,415.1
167,FRB20181222C,3930b4e57b66d37c44451ae0dc6a81904fc27c3f189029da76d79eedbfd1b000,FRB20181222C,2018-12-22T10:49:10.661212,1104.892,2.9,0.00152,,131.05,68.33,17.5,400.2
168,FRB20181222D,1dd63240134b9ad1c9b08d36dfa4ac6f1c259fee72d7ba3c1f9c4f0ecb0c3663,FRB20181222D,2018-12-22T14:33:31.631299,1417.11,1.2,0.00375,0.00195,188.2,56.16,20.2,443.0
169,FRB20181222E,65de860867e260acc589bc4ae44c8a3cba3e737aecc317be5d1242638070da32,FRB20181222E,2018-12-22T17:15:12.537876,327.9797,5.5,0.000254,0.00079,50.64,86.97,36.7,455.2
170,FRB20181222E,768d742772a56075fd018b2e6ca24d0b81de0ad2d2b7085647a484fc7b9f7a28,FRB20181222E,2018-12-22T17:15:12.576332,327.9797,5.5,0.00091,0.00079,50.64,86.97,36.7,492.8
171,FRB20181223A,9323cd760ae0e1e0b492f1fa4189e230567d8ffdaf1e2581cc45ca149a99d31e,FRB20181223A,2018-12-23T03:51:28.953930,349.7096,15.7,0.001995,,29.5,65.72,67.2,652.9
172,FRB20181223A,cabbec6a60c82d7fc46c1ba6d1f906bf7e09218b97610eb8f6d81fee8cabc510,FRB20181223A,2018-12-23T03:51:28.962864,349.7096,15.7,0.00515,,29.5,65.72,67.2,607.8
173,FRB20181223B,2ca0d5e379c664b1e16bfc7fe1b7370945c4135d56a06c834332a41918ad2524,FRB20181223B,2018-12-23T13:30:59.885119,565.655,4.1,0.00157,0.0035,174.89,21.59,21.3,600.6
174,FRB20181223C,f90f1a14b6b1dc834cd8dded9db4bd270ec62211127663cc5b5ed77635743f59,FRB20181223C,2018-12-23T13:55:32.146346,112.5118,2.8,0.000508,0.00011,181.05,27.58,28.3,479.2
175,FRB20181224A,8e7272b30e61d1c20e4a6a34f00265567701c92807f41d2b9647723ef30161b8,FRB20181224A,2018-12-24T01:28:53.698107,310.2064,3.3,0.000387,,355.11,44.56,104.1,549.5
176,FRB20181224B,c0afb3f18771e2bc4ea2a3b11ce5a415d3495325ed97091db61c336ec83b1c80,FRB20181224B,2018-12-24T04:52:51.034719,781.0087,3.1,0.00092,0.00206,45.36,46.14,22.4,400.2
177,FRB20181224C,7ba00bb0f827613a26958dc13b6ea055c1b8cf757247785f39a1c718599c49c9,FRB20181224C,2018-12-24T09:36:14.286326,596.325,9.6,0.00237,0.0275,115.29,60.28,26.9,400.2
178,FRB20181224D,1dfe63c5a4a67871d71ef39fcc059594dd0f6d978bfebcae2813ed202e51cfbb,FRB20181224D,2018-12-24T13:59:51.227417,690.196,1.9,0.0016,,182.45,54.85,12.8,400.2
179,FRB20181224E,981159b2de418ac642fbe80700ec343c72e31bc6e70da696c1780ac957a1e804,FRB20181224E,2018-12-24T17:45:05.331231,581.8537,10.3,0.001056,,239.32,7.32,42.1,400.2
180,FRB20181224E,e4ea1eb7d3dd42410534275b636798211c405e02eed302e011c9ce73ed2e10ca,FRB20181224E,2018-12-24T17:45:05.336718,581.8537,10.3,0.00102,,239.32,7.32,42.1,400.2
181,FRB20181225A,48bc3b32cea46e07d2d2242d70faea2d58d65360fdf740feac8fc0de4180df0e,FRB20181225A,2018-12-25T03:53:03.930754,349.619,4.3,0.00323,,29.5,65.72,31.8,446.8
182,FRB20181225B,8020c94baefe1707428dbd9982ae196770f31d6ec059b829cd5e475b7f9c773f,FRB20181225B,2018-12-25T05:09:48.578043,299.2875,7.5,0.001297,,36.77,88.2,27.6,560.7
183,FRB20181226C,0552f44848536fde0ee69f509d94b84214920d8d2935f7fddbf8f6b1a38f762c,FRB20181226C,2018-12-26T01:02:08.924502,409.0184,2.7,0.00063,0.00198,349.05,44.94,25.3,400.2
184,FRB20181226A,506318a67325b1230d2811f4af9f78fa6f9e6d798e119e9ecfbc24e487175145,FRB20181226A,2018-12-26T03:43:30.103107,349.0107,5.7,0.000731,,29.5,65.72,69.0,552.8
185,FRB20181226A,5268b9e6a6466246bfaa62a54061f22765e29c509979b16941369a7cf7c76dd1,FRB20181226A,2018-12-26T03:43:30.106856,349.0107,5.7,0.00149,,29.5,65.72,69.0,520.4
186,FRB20181226D,31524a0460ff61f5634d3b2561ccf7a4c6f99176f6dbcc147f1e979d211aa57d,FRB20181226D,2018-12-26T09:41:16.388212,385.3778,3.0,0.000571,,120.22,22.16,34.7,417.2
187,FRB20181226B,7f687ec00f66dfc9cc8ede34827e128c107b88a5a0a7a354e3916515ab4aeba2,FRB20181226B,2018-12-26T13:50:55.585985,287.0364,52.0,0.00059,0.0011,182.66,12.43,176.6,461.1
188,FRB20181226B,cad3863360511e15ff6cd20d91a326be0f4d9129b1e44dc4a714e261bc6a6f87,FRB20181226B,2018-12-26T13:50:55.594964,287.0364,52.0,0.000871,0.0011,182.66,12.43,176.6,430.7
189,FRB20181226B,3898a887ea2a45bdc5911dc3cdafdab96fc7d6c889a67d5fea28ba8f4c44ecff,FRB20181226B,2018-12-26T13:50:55.599057,287.0364,52.0,0.001004,0.0011,182.66,12.43,176.6,549.7
190,FRB20181226E,4ae1747ac48aaff7a8ff11461ee0126d613af063e40c1535e24975552db09489,FRB20181226E,2018-12-26T21:50:46.060935,308.762,1.4,0.001169,,303.56,73.64,20.9,400.2
191,FRB20181227A,b7681b9a90fb04b6c09037f0722394306c91b6f4df6f9346079f15ed0467eea7,FRB20181227A,2018-12-27T03:44:42.210041,791.2134,1.8,0.000748,,31.79,78.38,11.1,656.8
192,FRB20181228A,1cecc5cc9fdebe02d54c5c7f9cef17e4c3133f703c35a5e2d8049d6c79ba9963,FRB20181228A,2018-12-28T02:02:41.728165,748.6791,4.0,0.001088,,7.26,10.22,18.1,484.5
193,FRB20181228B,ff6b3cc9d5f12d40187849251543c44c891dbbd5d686f31daee2c262a2996aef,FRB20181228B,2018-12-28T18:07:55.639214,568.6506,1.7,0.00492,0.00116,250.43,63.85,34.6,435.2
194,FRB20181228C,d531709d288ca726473dde0132c9d303c7bbbf351a32b53941544b40fa09bc5a,FRB20181228C,2018-12-28T19:16:20.461414,510.7,0.7,0.00088,,265.19,54.36,10.3,400.2
195,FRB20181229A,8b9b904ffd8bf7b539543aa6d233876e3cee251dd54982c7e365b54e6ac8be43,FRB20181229A,2018-12-29T10:34:58.123278,955.5735,4.0,0.000376,0.0024,137.18,42.01,31.7,538.1
196,FRB20181229B,a0736c2fb7d75dd5f18d2ec38a8e013039674146540e6a7c35593a8f87884436,FRB20181229B,2018-12-29T17:23:55.977389,389.047,4.9,0.00336,0.0051,238.37,19.78,22.2,445.5
197,FRB20181230A,20b39b5337cfaa42db47d4f51f5e2629fdedba62ff36231da56b0a3b594d4b12,FRB20181230A,2018-12-30T00:30:16.494077,769.611,18.0,0.00164,0.041,346.69,83.37,29.7,724.8
198,FRB20181230B,feff51be7c2201ea7174c74d6689c571d6d54c62d3665e06ea6a4151a82f511e,FRB20181230B,2018-12-30T02:39:31.889059,1137.36,9.7,0.0043,0.0045,20.83,79.7,17.6,450.2
199,FRB20181230C,389eb6406c96b2b1e3d8e7d93162df8d47b6ca7d53a8bcb9e6247cf6de7d4409,FRB20181230C,2018-12-30T17:42:56.116480,1037.194,2.1,0.00076,,245.75,50.52,16.5,699.9
200,FRB20181230D,b318abd04e817cefd8370ac33ba46a0a6297fe4431c2b1edfe554df5f0b2d411,FRB20181230D,2018-12-30T18:23:35.334721,223.9665,2.0,0.000419,,255.3,50.51,20.0,800.2
201,FRB20181230E,4dc86c3153b32de26546aab5fbb08e1af3936e84d23ce08a09ce40a2c5cf7ec4,FRB20181230E,2018-12-30T20:37:24.115209,1041.713,10.4,0.00188,0.00303,113.26,86.85,20.5,488.0
202,FRB20181231A,08ed2b699eec07f5af5e044d4ac8e566cfcf0f5f876063acce880fdf5d98964c,FRB20181231A,2018-12-31T03:18:46.356953,1376.7324,2.2,0.000705,,29.71,20.96,39.3,680.4
203,FRB20181231B,19c473cc67f98b0ac5f261382835190bf7780ffc4d32e9fbcde80d249f8b2411,FRB20181231B,2018-12-31T09:55:59.577444,197.1697,2.3,0.000337,0.00175,128.77,55.99,55.1,657.7
204,FRB20181231C,5515a4d0b9d75cbc39552fc97668c3ee0f64a1f955ed78ca0adc0161f95fea7c,FRB20181231C,2018-12-31T14:36:18.128704,556.086,1.2,0.00197,0.00041,197.09,69.18,27.7,408.8
205,FRB20190101A,676b985110d49497861581425898faebdd23efb54deab0e15ecc6d5905766475,FRB20190101A,2019-01-01T12:40:09.819120,854.609,11.3,0.0013,0.0181,171.01,27.99,33.0,400.2
206,FRB20190101B,3631490c6f0684bfbb8cc29adb846ada1a1dbaa12ad2d48a19055572d2ca8d8e,FRB20190101B,2019-01-01T21:43:32.004520,1323.9056,4.4,0.00032,0.00516,307.77,29.89,22.8,713.6
207,FRB20190102A,df7195514a5cb29a744892f8dcb65078eed08bc72d7652889b0403f961d73be8,FRB20190102A,2019-01-02T01:49:13.808531,699.1727,4.2,0.000824,0.00099,9.26,26.72,50.0,495.2
208,FRB20190102B,5d145a4608b64e581062df225801a5bb64ea9284915a659aefbf637f1695eaa8,FRB20190102B,2019-01-02T02:43:54.272424,367.1642,3.9,0.000851,,21.66,21.39,31.9,428.8
209,FRB20190103B,ebb76af8a05db45e8575a85658d1b424d66dddf6d579c9e4cb3e514aa6a0537b,FRB20190103B,2019-01-03T07:25:59.295735,541.129,12.9,0.00583,0.0054,93.57,19.73,26.4,507.0
210,FRB20190103C,5d1c2eefc8eb4ba9ebcb0361bd5815d98d5781fae465bf37cf2be0a350eaf6ce,FRB20190103C,2019-01-03T08:05:51.118745,1349.133,13.4,0.00193,0.00076,104.19,11.07,34.2,543.7
211,FRB20190103A,956053206cd59e9b0f86eba77d7680788c5b13a12e9ebecb0083bb9e2a26c9d1,FRB20190103A,2019-01-03T13:47:23.327486,364.5627,5.4,0.00254,,190.53,65.13,40.0,780.0
212,FRB20190103D,c959e245a9d4f945d2c09a29945d498899860caefca7d42541e28088d0685706,FRB20190103D,2019-01-03T16:00:46.098144,1913.5509,1.2,0.00295,0.00102,221.84,59.91,19.8,400.2
213,FRB20190103E,f8abf87073c387270da8f2bd8c6ac11c875d3806f5d45be30fe30ae5e574e70d,FRB20190103E,2019-01-03T18:38:14.792467,736.245,2.0,0.00103,0.00159,262.89,45.84,13.5,547.3
214,FRB20190104A,f986f68707995e767b9d07d93c5c5c342d397d024aaa9da65f4ffbdada369a65,FRB20190104A,2019-01-04T05:49:34.166980,549.4329,3.9,0.000197,0.00015,70.5,35.59,24.4,531.9
215,FRB20190104A,3e44bad9d735211ebb0314a20878880d293ecd7525017efb17f3c3cb09be0951,FRB20190104A,2019-01-04T05:49:34.175226,549.4329,3.9,0.0008,0.00015,70.5,35.59,24.4,400.2
216,FRB20190104B,c5629a53e6aecb82443763c659a2d1cc95a5d17a5f3757452564358ea47ade10,FRB20190104B,2019-01-04T16:45:54.244713,530.137,9.5,0.00188,,234.72,-6.25,12.8,800.2
217,FRB20190105A,4fc88c2c016fb8fec09dc424943a35324919d4c2c17ab77debb148d57a7be3aa,FRB20190105A,2019-01-05T18:39:35.041651,383.551,3.5,0.0039,,266.3,63.82,10.5,800.2
218,FRB20190106A,1a6324b3775a3946c668513ade7f3d3dd8bede503fd7001f9d87e6f464eb7654,FRB20190106A,2019-01-06T02:29:10.679885,340.061,0.8,0.00094,0.0058,22.19,46.12,12.7,800.2
219,FRB20190106B,79498268d519e038d5875cd266b4e03ae55a1631d181520c5662daab170cad3f,FRB20190106B,2019-01-06T23:21:18.480306,316.5941,3.8,0.000578,,335.63,46.13,77.2,452.1
220,FRB20190107A,cc2bc4f842d7260ea2a2f25f8c76daf53de1c4a2cfa3a1251cb4238dd949876f,FRB20190107A,2019-01-07T01:01:18.506784,849.19,6.3,0.0259,0.0204,0.86,21.81,15.0,400.2
221,FRB20190107B,0bf0b69cae45efb4882f3e2aca4e9ccf595a6e3d609a7b2e37b12e7e4442ba0c,FRB20190107B,2019-01-07T03:22:14.328535,166.0939,4.3,0.000451,,33.45,83.4,26.8,400.2
222,FRB20190109A,436ce5c4c709b2447a6acb4dc61b6878d89d443ac2253c6637a28efb39b38c44,FRB20190109A,2019-01-09T08:00:30.384518,324.604,6.4,0.00165,,107.96,5.16,15.4,583.0
223,FRB20190109A,f8cf55642a5645eeab3e7ae85ddaa0257e57ff60a5234b67bd9274cc0e001375,FRB20190109A,2019-01-09T08:00:30.392208,324.604,6.4,0.0034,,107.96,5.16,15.4,523.6
224,FRB20190109B,1d1119a05ce3c76cfdc66e47c1b8fa87c2cffda8981444a07da3f220021ca482,FRB20190109B,2019-01-09T17:36:02.346336,175.168,3.0,0.00034,0.00026,253.47,1.25,14.0,408.1
225,FRB20190110A,9938f852cefe9897218f3de118fa29421ae2afc3b5a77445f6f74417694d7361,FRB20190110A,2019-01-10T05:05:35.199796,472.7526,3.8,0.000203,0.00038,64.95,47.44,63.0,411.0
226,FRB20190110B,09c2c3bbc3aed47c5f5cfbcec7b390ea73cbe62d55ae73764cea4b1522ad742d,FRB20190110B,2019-01-10T09:28:05.236493,486.118,1.9,0.00075,0.00324,131.68,50.16,18.8,407.8
227,FRB20190110C,eb006d1ae0143c6d5d5ab7cacd7f35a825c4ce0d3a9c9e283735cc2ffa467e50,FRB20190110C,2019-01-10T17:11:36.960000,221.961,1.4,0.00039,0.00022,246.98,41.42,28.3,427.4
228,FRB20190111A,a57135389cb8831d94563615ad938e3d7104f83e498bed86d5cf0a4d90aa328d,FRB20190111A,2019-01-11T15:05:50.921326,171.9682,17.0,0.00036,0.00053,217.0,26.78,131.7,638.9
229,FRB20190111A,0d113ce424d62f4e83a0d7e7125e540a168a4c9bf5ce6ac169ad2ba41b30cf95,FRB20190111A,2019-01-11T15:05:50.924193,171.9682,17.0,0.000438,0.00053,217.0,26.78,131.7,474.4
230,FRB20190111A,47641f036481ee8cc9a3ee41ea95f7cb7bc438939f21082845b1c3d97a07f200,FRB20190111A,2019-01-11T15:05:50.928807,171.9682,17.0,0.0059,0.00053,217.0,26.78,131.7,400.2
231,FRB20190111B,2c6e7f1ad10f2463f8229109b975c523f85cb31c724d71118ba76eb1302b1775,FRB20190111B,2019-01-11T17:59:02.280221,1336.9271,0.8,0.00016,0.0002,260.02,13.53,32.6,422.5
232,FRB20190112A,c296bc2e757c049a9e87daeac9d0e67cd8b50fd18f7e739e5804f43e80883a36,FRB20190112A,2019-01-12T17:41:31.292676,425.8474,16.2,0.00164,0.01101,257.98,61.2,66.1,697.7
233,FRB20190113A,a7e18846a90f42e94956d255653dcb5aa67d1dc747e58c55fc52caaf2d05b6eb,FRB20190113A,2019-01-13T07:40:31.826611,428.924,5.6,0.00182,,108.14,-2.99,12.6,800.2
234,FRB20190114A,fbdde91d9982982f9fb04bbbe2ee4b47344f5049c900632e752a2ecca24c75ec,FRB20190114A,2019-01-14T01:05:59.895600,887.392,2.3,0.00134,0.00038,8.95,19.17,21.1,425.8
235,FRB20190115A,4a5e5df8988f517d519d7b814bb81a37b2934be0311675d223f0940d9a48e8ed,FRB20190115A,2019-01-15T03:27:49.653225,1021.684,0.9,0.00089,,45.61,54.28,12.9,457.2
236,FRB20190115B,7ee06484e9c5979c312f86274a70de8a90b80e7933ce0cac40a2cb2efb341355,FRB20190115B,2019-01-15T05:42:41.225752,748.293,5.2,0.00155,,76.82,82.06,25.2,457.5
237,FRB20190116E,c233f9ae39c3755406913964a292401e813414582cdaaed1eed7b4207aa95963,FRB20190116E,2019-01-16T01:36:13.043543,1491.0006,1.1,0.000607,,19.36,52.32,12.4,660.5
238,FRB20190116D,2f301cf77af14d5491287ed22594b7eccb2c44a81be300eed02f57962c3f7090,FRB20190116D,2019-01-16T05:59:08.897485,1164.025,4.7,0.00104,0.00392,85.1,68.68,16.5,400.2
239,FRB20190116A,e53f44c1bbcd6301f6257eca9eb08c86f9fa5fec125f05b40fcbf74f9e3eb31e,FRB20190116A,2019-01-16T13:07:33.945024,445.48,3.7,0.00554,,192.33,27.15,19.9,636.8
240,FRB20190116B,8b510af0c90c763a634fd9460a61d5b0a793b2cf1bc9850b8ebb579fe89ca556,FRB20190116B,2019-01-16T13:08:20.443491,443.549,2.0,0.00173,,192.33,27.15,21.9,483.6
241,FRB20190116C,24d72fccbd61de0b813830af747fb12fdabbd7e5f2236a1a98c54a4a9e1dd377,FRB20190116C,2019-01-16T16:54:14.432171,629.2765,65.0,0.000708,,249.32,70.96,210.6,672.1
242,FRB20190116F,dd40c0737802cf160e2605137b5d9f5efe4a2eafccd1d64eb8c2d73c8da43418,FRB20190116F,2019-01-16T17:40:37.365493,316.9203,1.5,0.00123,,261.67,75.0,15.3,637.5
243,FRB20190117C,93ca96628a34fedcf75923d3d70bd93b9032db9f315047c1cf039c69ec56181a,FRB20190117C,2019-01-17T07:55:05.956216,865.9008,0.8,0.00077,,115.13,74.59,10.8,648.6
244,FRB20190117D,f29b8eb2ecd64209fe898197805e008ac4dafb81dd1b33cd9d5aa9759a2ae948,FRB20190117D,2019-01-17T14:06:02.033139,1178.063,3.5,0.00126,0.0004,208.87,31.68,20.1,419.2
245,FRB20190117A,e9efdbd24450dd0804fe8db255dbf4ac4b94e688b7543b3f7bec63911411982c,FRB20190117A,2019-01-17T22:18:32.109933,393.3602,9.9,0.001494,,331.71,17.37,96.9,507.6
246,FRB20190118B,c7324cf3a25675e68e75e705a622925cd8d0119c7833dad712a4d25773248c1e,FRB20190118B,2019-01-18T02:47:48.489735,670.89,3.6,0.0037,0.0194,39.71,23.57,16.1,645.0
247,FRB20190118A,005e70bd8536bb7b3fde43cfdf6322a879840916889f0b46a14063544bc7d930,FRB20190118A,2019-01-18T17:02:16.313880,225.1079,18.0,0.00014,0.00028,253.31,11.55,183.4,474.9
248,FRB20190121A,1c0099714daf0addfd7dabbb836ace707a8137d29f578577694dc005d06f0b20,FRB20190121A,2019-01-21T23:33:29.499699,425.3534,10.8,0.00108,0.00334,354.74,78.6,45.8,523.2
249,FRB20190122B,67686c3fc51be6d6f69a96b86880692b40070d4ce1be2efa15cb0f00854d815d,FRB20190122B,2019-01-22T00:03:23.194120,469.565,1.8,0.00192,,2.53,35.12,9.6,737.5
250,FRB20190122C,44fb4b8038f8594986364e8fed1c3769ea933f76803d7a59cd39547991b1f567,FRB20190122C,2019-01-22T13:14:22.835357,689.902,47.0,0.00176,0.0001,200.6,17.57,110.7,466.7
251,FRB20190122C,7336445f668759622a4edaaba3cda07563492ec1e166f8810118e3fcfad2202b,FRB20190122C,2019-01-22T13:14:22.842735,689.902,47.0,0.0018,0.0001,200.6,17.57,110.7,532.8
252,FRB20190122C,14161684e4fa9d2d8037c6622b6ac49cb823e0f60799bd625e2c2a3a3867a043,FRB20190122C,2019-01-22T13:14:22.847971,689.902,47.0,0.00294,0.0001,200.6,17.57,110.7,469.5
253,FRB20190122C,c0f88fbfb06cdc341e844207a36c77cacd3c8cc2a41715cff7af6cc039b74dcc,FRB20190122C,2019-01-22T13:14:22.852377,689.902,47.0,0.01475,0.0001,200.6,17.57,110.7,400.2
254,FRB20190122C,18ed75e3feb3cef4154e2c8cbf5533a0857c5905db928f382a1db6f2e3ad5d63,FRB20190122C,2019-01-22T13:14:22.853415,689.902,47.0,0.00141,0.0001,200.6,17.57,110.7,492.6
255,FRB20190122C,afb1efa302ce4ae4e6e82973a498737dd869abd201a41c6931a08120d8e4b3ad,FRB20190122C,2019-01-22T13:14:22.859116,689.902,47.0,0.005,0.0001,200.6,17.57,110.7,400.2
256,FRB20190122A,ad5e8ed3948d485b9d8f47b650f9b66acd72f1661378096c4443cbd23d16a78c,FRB20190122A,2019-01-22T23:09:40.115923,1231.21,5.7,0.0055,0.0371,349.56,37.5,19.8,694.2
257,FRB20190124A,40c859791832d045f144c6c97441a5c6e3abe5e1948a8028f265d14f62f0f7c3,FRB20190124A,2019-01-24T03:06:15.353602,1275.853,13.4,0.00227,0.0223,50.46,51.58,39.5,529.5
258,FRB20190124B,fff36b679a19868921cfbbcf9219276ef5e890527eedadf14c6cde6a40c04ae8,FRB20190124B,2019-01-24T14:07:34.280380,441.3838,11.7,0.0015,0.00706,214.69,28.8,41.1,434.2
259,FRB20190124C,93c4eb7276a96c6d0f40bba010fbbc25de9c4137c08807dca27304545b845470,FRB20190124C,2019-01-24T14:14:22.594571,303.644,13.7,0.000291,0.00067,217.17,28.38,148.1,424.6
260,FRB20190124C,e1d1e72ebc9d2d2ed8dfb349888656766893212d2b293bfa6aa6f7bcf8645e27,FRB20190124C,2019-01-24T14:14:22.603713,303.644,13.7,0.001773,0.00067,217.17,28.38,148.1,431.9
261,FRB20190124D,e01b525db1419054fa38709a450deb129c08e828af30814c4055f9ae7e156d7c,FRB20190124D,2019-01-24T15:30:30.325628,340.12,1.9,0.0005,0.00097,237.26,81.23,13.4,402.1
262,FRB20190124E,b0536372008bf25e9503ff5dc74f48bb8af87d1e622caf3b74a5bcb40e6f304b,FRB20190124E,2019-01-24T19:36:51.459437,617.79,7.3,0.00574,,297.75,20.57,17.4,625.6
263,FRB20190124F,da24ed5f9531bf26bf65be2e5acbdf7de00c90f275db129d6f8444fa9461f2d3,FRB20190124F,2019-01-24T22:19:33.106043,254.7903,6.4,0.000733,0.00016,338.92,5.3,60.2,425.6
264,FRB20190125A,7b466ea28f424696dc7c92f788376aab3644a7770bdcac7683ae02291e09ba92,FRB20190125A,2019-01-25T02:44:17.329940,564.701,2.6,0.00321,,45.73,27.81,12.8,655.5
265,FRB20190125B,2724efa7ac67911940745b5a70448d4c16a5d6bce98c5b549769623bc728d5d8,FRB20190125B,2019-01-25T15:03:39.832531,178.238,4.7,0.00247,0.00095,231.45,50.54,26.2,609.9
266,FRB20190126A,39c0ffa313f52a0843898d9bcf07fe62cec3839b1caca991e27cc61fe703b7e5,FRB20190126A,2019-01-26T01:32:45.322970,350.0017,3.6,0.00208,,29.5,65.72,27.8,595.4
267,FRB20190127B,e29ed58b609a7133fa84d759ffc2749666c5137db8977de63b862eb908a8c3d7,FRB20190127B,2019-01-27T09:23:21.103181,663.028,11.4,0.0025,0.0428,150.92,83.56,18.8,562.2
268,FRB20190128A,0485a28082e2ec687842bd2dd1250c59da0e367f5bc72ca2c9efc8f957d094e3,FRB20190128A,2019-01-28T01:00:34.707228,696.117,2.0,0.00185,,21.8,24.67,16.5,400.2
269,FRB20190128B,b7ec3241af8f3323988ecbb088d85741e28e154556b0ac1f236f31c61c391af7,FRB20190128B,2019-01-28T08:02:01.977789,248.2302,1.6,0.000603,0.00021,127.44,23.29,21.4,515.9
270,FRB20190128C,78bcfa120c41471ef05769efff82702d78de767fa2edd532d945b2483f4da63f,FRB20190128C,2019-01-28T16:11:22.757712,310.622,5.9,0.00616,,69.8,78.94,17.5,491.6
271,FRB20190128D,9949ab7501c7bf1b57b687253ad3d69ada0886be6f2f50c00207500c074fecc6,FRB20190128D,2019-01-28T18:24:33.587847,430.231,3.6,0.00127,,283.32,17.44,15.5,419.5
272,FRB20190129A,4ba48c1e1af80294e6de66738c0db04fdc214ed558a129e8dd558ea679bddf9a,FRB20190129A,2019-01-29T02:25:50.136759,484.761,5.0,0.00113,0.0102,45.06,21.42,18.8,707.7
273,FRB20190130A,0b8a7edf81a00e6cdc03d77a6ab1c563f4e59ec1708521601b32cab5eaeabf8e,FRB20190130A,2019-01-30T01:04:37.246483,1367.461,4.4,0.00099,0.0032,25.64,13.16,12.6,467.7
274,FRB20190130B,7d7ec4e809143824e3d22ec51f4bd8274442dfb06da43d248515973193d22f4b,FRB20190130B,2019-01-30T10:53:48.209384,989.0307,3.0,0.000265,0.00077,172.11,16.05,65.4,487.1
275,FRB20190131E,2515323cbb2e4e49725460ef4b935a4ac1c0b4bc8bec5cbe7482d98b3229fbeb,FRB20190131E,2019-01-31T00:16:48.023132,279.8006,5.1,0.00098,0.00016,195.65,80.92,50.7,476.5
276,FRB20190131D,c0421097f3870b81a76141aa37bb0a40d8e1fa6154809d5579aeaf5fe4a1edf5,FRB20190131D,2019-01-31T03:07:30.760620,642.1218,6.8,0.00197,0.00043,57.46,22.75,48.9,508.7
277,FRB20190131D,9fd4307e324ce419aa04c1e7c6f726fb894ea9ed097d5016d800bbb6abafe7b8,FRB20190131D,2019-01-31T03:07:30.769121,642.1218,6.8,0.000348,0.00043,57.46,22.75,48.9,585.1
278,FRB20190131C,5e738731304188c0b401802219f68b5a1f5d62180ef512643847bde2d98ee80d,FRB20190131C,2019-01-31T10:22:22.691729,507.7618,2.1,0.000444,,166.45,10.43,21.7,501.4
279,FRB20190131B,1ab2f73f2e3b5c99b3278181d25598f2bdcb078c850257e436714c792c7f195f,FRB20190131B,2019-01-31T22:58:29.684928,1805.729,3.3,0.00092,,354.72,11.71,17.1,798.1
280,FRB20190201B,cddad552faf2c332c327cf3a5aa32ebe2198e1f697079fb047dc3c1043ddf7d3,FRB20190201B,2019-02-01T07:05:07.940645,749.176,2.3,0.0008,0.00057,118.2,55.58,30.8,425.9
281,FRB20190201A,e262a1678855f7c4b322e4262664f7ff95b11cd869b4131ba014914ede53fad6,FRB20190201A,2019-02-01T15:36:12.956631,242.0038,3.1,0.000608,,64.03,84.84,15.4,476.6
282,FRB20190202B,d1856f7147383a3d7c4f353070ca72656240cf35e284f1500a8c91244617508d,FRB20190202B,2019-02-02T06:51:05.966450,464.906,2.7,0.00051,,114.32,32.45,26.6,536.2
283,FRB20190202A,72fe5618dfec1ff9efb564ec41a64cc728ecdd7a4795f01f9df0a7d3dd1b2b43,FRB20190202A,2019-02-02T22:04:08.183433,307.3605,95.0,0.00071,,344.2,17.1,236.3,492.3
284,FRB20190203B,c8ed300c4984f7eefda369e0db205758f62253b74771465bf03cdc3d32813069,FRB20190203B,2019-02-03T07:49:39.318269,582.2248,0.9,0.0003,0.00058,130.64,61.89,12.6,437.5
285,FRB20190203A,cfc7f4532947abf56411e0d070923f6e124a3f968b7c407d4e0d34d930bbc22d,FRB20190203A,2019-02-03T07:57:13.496293,420.5727,4.0,0.00055,0.00083,133.68,70.82,61.9,472.9
286,FRB20190203C,035ac5dd4e03a7bb40915aadd997d3652b190a1e7d93b8edba7eef9de827eca9,FRB20190203C,2019-02-03T12:10:09.170630,370.462,4.4,0.00205,,196.01,2.48,12.5,800.2
287,FRB20190204A,4053dfc231b2c2393f607a6321daf1ca8eeb891a0301402f3333a67f82f6afa0,FRB20190204A,2019-02-04T09:47:48.495898,449.639,1.5,0.00181,0.00088,161.33,61.53,13.8,418.2
288,FRB20190204B,ba11fa9c1b75df9736f2da915425749f29b5be7bb3db4e899e5e335e19add5ba,FRB20190204B,2019-02-04T16:09:16.338995,1464.9393,4.4,0.001022,0.00042,255.92,75.87,37.1,571.7
289,FRB20190205A,a16f3cdb9201df7de734480e81b87f31aac95476fa29d8a6643b9f0028898448,FRB20190205A,2019-02-05T21:28:19.532928,695.389,1.7,0.000602,,342.22,83.37,18.6,485.7
290,FRB20190206C,095d7d449f5a6d11ad6261e9e2fa3d7562d8d6d2f312d9ca41656d9e56bafa5e,FRB20190206C,2019-02-06T12:26:42.781689,1043.002,3.8,0.00201,0.00142,200.45,74.39,20.2,439.2
291,FRB20190206B,bfb678e36610335176bd5dec31e237cd039fac3d971105d8329203a3080f6ef2,FRB20190206B,2019-02-06T13:57:46.779206,352.52,9.6,0.0071,,49.76,79.5,17.7,506.4
292,FRB20190206A,00e9db0176760383d17c2e7aaab31ebdbd22f0c52d54f0f2dfd78d14f06ca0c4,FRB20190206A,2019-02-06T15:11:24.352143,188.3364,9.1,0.000804,0.00274,244.85,9.36,43.5,534.5
293,FRB20190208B,3b855638db60da5c20d0525c4ddfda717eb9c4cc411ff51ab63473dee3d0f989,FRB20190208B,2019-02-08T05:02:48.899011,714.2201,14.3,0.00098,0.00012,91.0,80.88,165.2,417.9
294,FRB20190208C,082af9d40a157bfefe9ef15ea1846105a28fd45db59cbec67e2845915bf3912c,FRB20190208C,2019-02-08T08:08:05.343962,238.3921,1.7,0.000411,,141.55,83.56,31.4,474.9
295,FRB20190208A,f0aa98c437bace997c57ba862865fae2b5677b3924a1824baf32ffdce3126ec9,FRB20190208A,2019-02-08T17:41:50.676853,579.843,4.9,0.00076,0.00122,283.52,46.96,31.2,602.7
296,FRB20190208A,b75cdeba249fa05fc99b41266a742e73a36728486130161f9c08b24634de2963,FRB20190208A,2019-02-08T17:41:50.685631,579.843,4.9,0.00041,0.00122,283.52,46.96,31.2,557.8
297,FRB20190208A,2db2120d8017dbe5590deae9fdc21ed0388a5f7183f1a123e33861dbf39823c0,FRB20190208A,2019-02-08T17:41:50.690806,579.843,4.9,0.00038,0.00122,283.52,46.96,31.2,535.9
298,FRB20190208A,88bce6754fcdf901f5d7586bfeea69e66f3baff37a25a36859fcb5282343335e,FRB20190208A,2019-02-08T17:41:50.696275,579.843,4.9,0.00679,0.00122,283.52,46.96,31.2,463.2
299,FRB20190209A,eb77add24d2a674c28020b732a28335c8fab0cb2f56f3bdbecd8d237def46b05,FRB20190209A,2019-02-09T08:20:21.023779,424.786,3.9,0.00143,0.00113,144.32,77.67,19.6,470.1
300,FRB20190210B,01b1e2de8e55e1fbdbd6c977e65855a5ea7150cb44a19081c9f0c7209862afad,FRB20190210B,2019-02-10T05:36:31.338149,624.1879,5.3,0.000397,0.00036,104.18,23.7,66.0,400.2
301,FRB20190210C,1f70dcfb1706eed4197be5d2bc281283c664b9eb2597f84d46a6ddec7ca51c1c,FRB20190210C,2019-02-10T06:03:43.417613,643.3669,3.6,0.000286,0.00025,295.75,89.1,27.3,448.5
302,FRB20190210A,c4536897ae9ef79ce44f8f2f2fd694e66f46b324096fb27d6844229d560a4176,FRB20190210A,2019-02-10T08:17:13.904880,426.12,1.8,0.00578,0.0015,144.32,77.67,21.7,461.8
303,FRB20190210D,2daa1adb79e64f71d50deb71c1e7db495ccd46bf184f877fc8f8c5a9bb067aeb,FRB20190210D,2019-02-10T19:14:51.424581,359.1477,2.5,0.00058,0.00027,307.8,55.46,36.0,611.8
304,FRB20190210E,433256742ba4d159fce59d42f79c793fe610a51a35ef4cb112079cd123b8ce76,FRB20190210E,2019-02-10T20:21:58.753757,580.58,1.4,0.00096,,313.65,86.67,15.5,472.2
305,FRB20190211A,82d7414464d691b97e1bfeede0715c24b6f254bb3300570a2be63e012e439db0,FRB20190211A,2019-02-11T03:04:55.424271,1188.256,5.8,0.00036,0.00329,67.06,68.64,27.8,656.0
306,FRB20190211B,3d7c146b5aaf9c949d93d10bb140042449053db71006bf84b98b00759e1c2afc,FRB20190211B,2019-02-11T18:37:46.035610,260.7,1.4,0.00098,0.00015,299.62,61.37,18.4,440.1
307,FRB20190212B,04ac788d9046c34066ba5d19049ef5f58d6515815b93e90c4e78e205523a22f5,FRB20190212B,2019-02-12T07:53:59.120684,600.1866,3.7,0.000226,0.0005,139.99,52.11,41.6,400.2
308,FRB20190212C,0db7f40dfac0195503b5ede84cbc1b620078862754cb9cbeccbc190743fe95fb,FRB20190212C,2019-02-12T10:04:50.679351,1016.45,12.2,0.00442,0.0101,172.57,28.14,33.2,498.1
309,FRB20190212D,2da1454641bc3efb10e50fcd6d5a20b226d7e25c799993c6e975c24c9f527f92,FRB20190212D,2019-02-12T10:34:04.499558,1139.765,5.7,0.00105,0.0159,178.83,66.72,18.4,400.2
310,FRB20190212A,9269111d24636432456ccdc94d871901b91fd3fac999509559af99a7d295444e,FRB20190212A,2019-02-12T16:17:23.455680,301.784,3.1,0.00276,,276.14,81.43,15.7,466.3
311,FRB20190213A,605a9171db4f38894e9f140a4b24ae6c6b1164de170bb0c3ee1d767a7c183340,FRB20190213A,2019-02-13T00:42:26.710848,651.06,2.3,0.00151,0.00286,31.72,20.08,17.5,418.9
312,FRB20190213C,fd7697c281b0c79da0e5bf34e7dddba0d8a5fb0889f9e9aa3887b425b8870056,FRB20190213C,2019-02-13T02:47:46.479638,357.0634,1.1,0.000646,,64.26,45.0,11.5,800.2
313,FRB20190213B,3d9b6907d7c5cab92f13d7902388a59d4ae02d82b3eded23f244ce56efe5d622,FRB20190213B,2019-02-13T17:09:32.719089,301.3128,4.2,0.00074,0.00068,276.14,81.43,23.2,639.2
314,FRB20190213B,eda1d2d83541a82529cc389794fb2f0dd5640ccd289391df764ee656878d41b5,FRB20190213B,2019-02-13T17:09:32.736499,301.3128,4.2,0.00028,0.00068,276.14,81.43,23.2,514.3
315,FRB20190213D,ec5552e19e7d17a8581409fbc24b00fe375ea28c32e322af9aff821dd9d458ab,FRB20190213D,2019-02-13T20:54:16.857043,1346.8476,2.2,0.000626,,336.45,52.71,25.0,671.4
316,FRB20190214A,07720cc0b294c5f3f8770cd27f32cc0886aaf63f8c25fce8a72ec9d0a3e88e66,FRB20190214A,2019-02-14T04:44:47.202979,497.68,8.8,0.0145,,96.09,66.24,16.7,800.2
317,FRB20190214C,7cfcae04164a138504ab572f8b1d65a0ac4a97f53cd2ba2a948bfd9814c683b1,FRB20190214C,2019-02-14T12:56:57.171149,533.112,5.2,0.00168,0.00108,218.87,19.36,24.4,463.1
318,FRB20190215B,3a3ac564f1acce70e21f461d565021620af6526113a015719fe8c845722b66fa,FRB20190215B,2019-02-15T20:42:01.624174,274.6295,5.6,0.000864,,335.04,45.34,61.9,400.2
319,FRB20190216A,8d360b07c5bc7e3ec169e64f74c80e3b607de6ae6c79d2b39073c75c607e676c,FRB20190216A,2019-02-16T15:26:58.247376,1282.37,47.0,0.02051,0.0234,256.33,68.28,77.3,489.2
320,FRB20190217A,3f4822bebd9a60871789989641debf6e2f5dfc9bc295f2f96cb50e9ae8e5d711,FRB20190217A,2019-02-17T04:31:57.861878,798.1092,1.2,0.00086,0.00315,94.88,43.11,20.7,521.5
321,FRB20190217B,8df15145ec8ab47ee4d1122e5e7c6fd0af894947f2b8d52f78a5c024a31b1316,FRB20190217B,2019-02-17T23:39:22.994499,846.212,6.0,0.00066,0.0079,22.58,26.95,16.7,400.2
322,FRB20190218A,95f486a5b4a93ad5b1ec699b3c7524f16aed590c0340c8057800998f7050ca3b,FRB20190218A,2019-02-18T10:20:13.703839,1285.129,1.6,0.00141,,184.05,56.42,16.6,483.6
323,FRB20190218B,dbc8c39db46f0b8c3384e93976e5bee6a7cae6d9ea8c20d9ea2f598c0fa39ad1,FRB20190218B,2019-02-18T16:00:58.173321,547.868,5.9,0.00205,0.0141,268.7,17.93,19.8,588.0
324,FRB20190218C,9aa375f0f2a428bd6778ff06b620b861f942f8779456e2e1a35880925913ac28,FRB20190218C,2019-02-18T20:20:11.024637,319.3239,31.0,0.000206,0.00011,156.96,77.95,155.5,440.4
325,FRB20190219A,2591be0a0affa1917c6ca15640a28173e113105f2d45dcc726b329e645e27901,FRB20190219A,2019-02-19T05:10:27.037534,657.1942,1.0,0.001592,,105.78,43.13,29.8,400.2
326,FRB20190219B,45160d574a415339e34a7e3f234e76e350ecaf06864874d10be62d58eb19085e,FRB20190219B,2019-02-19T14:27:02.205046,1681.11,14.4,0.00242,0.0164,246.3,57.92,42.8,612.2
327,FRB20190219C,7cbab0f20ee2ff3b930a3ed67a555121bb68691da54b3e30356fe7da6dfd57cb,FRB20190219C,2019-02-19T21:19:55.974694,806.688,2.0,0.00208,,349.67,49.21,12.4,613.5
328,FRB20190220A,7fa33fbdadf1c69f68df2dbcba8cd38e86824fd6823fe2f725337ac034668234,FRB20190220A,2019-02-20T13:57:35.631343,216.12,0.7,0.00055,0.00024,237.21,74.16,17.6,400.2
329,FRB20190221A,7847f8d196552c12972c4e552277b192005d41ec45a3e090ac4c7beb6d739c42,FRB20190221A,2019-02-21T06:47:30.274993,223.806,2.3,0.00097,0.00041,132.6,9.9,22.1,444.8
330,FRB20190221B,9e83f018d28fbbaa33d5bcd2c64c1278e82ad6cdf1f4b0202ba020ac69201e2d,FRB20190221B,2019-02-21T17:02:56.602721,393.124,5.6,0.00394,,286.77,27.86,15.3,400.2
331,FRB20190221C,1636aa3162bb0d7be90d11e6f922baf781cb0a0a9a4530ba3c13d9d1772ece21,FRB20190221C,2019-02-21T19:00:43.094310,2042.3,7.1,0.00118,0.0131,316.15,54.67,26.4,664.9
332,FRB20190221D,25bd8b2c76f33b9f6ebc988e7df88bfd970e196d97d30d0bcdbb96b9dfb53c92,FRB20190221D,2019-02-21T23:29:08.289534,473.7873,1.1,0.000774,,24.81,60.93,13.0,427.2
333,FRB20190222B,90272cb09a5f901711e73350a3b5baec5515941f62dcd7ebe52a7b3745c67358,FRB20190222B,2019-02-22T08:34:34.893206,497.619,4.4,0.00152,0.00526,160.69,19.62,19.9,400.2
334,FRB20190222C,644971e5a72d08e054a96b0c280753d1e76da6998d88d8aabb7ec1a559dbcc12,FRB20190222C,2019-02-22T13:45:59.498456,524.0071,0.8,0.000676,,239.18,40.03,29.0,436.3
335,FRB20190222A,dfdb5fba9561799b16dbe3be4f2cc97b663898a4e057ee82412f8fca79adfeea,FRB20190222A,2019-02-22T18:46:01.419548,460.169,11.8,0.001839,0.0009,313.06,69.83,92.4,445.3
336,FRB20190222D,f31c7010ebd7cd7c0673df3b9476cb35f0618d6afb7405ad49334d210a492bae,FRB20190222D,2019-02-22T18:47:16.960641,895.2976,0.9,0.000601,,313.9,26.57,12.6,583.6
337,FRB20190223A,31a79973ba217dc45d864f71a2ff59ecbd45a52b4102db91bd9a410d6f8c1d3c,FRB20190223A,2019-02-23T03:36:19.406892,389.2365,1.6,0.000763,,64.72,87.65,20.5,444.8
338,FRB20190223B,1177915b808d9b1d1198771d98a0e8deb5dc1a1bffa42f534c56c612d4b66ad4,FRB20190223B,2019-02-23T18:31:49.929370,536.5143,0.8,0.000654,,311.62,60.56,12.5,638.6
339,FRB20190224A,f70a9e04fe0c69b6449d20778760cb2c484be2d76399f72df83d5ed4020d79ed,FRB20190224A,2019-02-24T02:17:13.465536,818.4,8.5,0.00204,0.00577,60.53,83.39,28.6,408.9
340,FRB20190224B,546f4da93994538b02099acb528c38ba3be0eb302e206901ce01c755799f447b,FRB20190224B,2019-02-24T03:48:43.561296,839.3674,4.5,0.000639,,268.24,82.57,16.2,472.7
341,FRB20190224C,726d4b95195854037981d4003cd3dba6296f7759f8b47a37fb5502c1e1fa3575,FRB20190224C,2019-02-24T06:00:37.309498,497.4,7.9,0.00029,0.00948,124.05,19.78,30.7,747.4
342,FRB20190224D,f891a5f0077f656759327e4a87fa260af150a2501b649942db873e19b1c64655,FRB20190224D,2019-02-24T07:46:29.987910,752.9522,6.1,0.000673,,331.89,89.05,41.9,531.6
343,FRB20190224E,e81f0b939da72a30f85a56c24afd376dfa4f40bfe85c4b404333a66e7f445ee0,FRB20190224E,2019-02-24T10:00:48.918681,435.8612,4.0,0.000549,,183.04,61.54,71.0,454.9
344,FRB20190226A,a66db45a28f5cfcaaf47e0fd6e0f81b348e07862e265fffa6933b4fdd29782a8,FRB20190226A,2019-02-26T01:36:34.203154,601.5727,1.4,0.000453,,58.83,31.93,32.4,527.9
345,FRB20190226B,e139320cdd20aad4f9d9e91d11e1fcce410a1aff018b3bb9e6f5272b00a95d07,FRB20190226B,2019-02-26T15:48:01.062691,631.603,2.4,0.004,,273.57,61.81,13.2,585.2
346,FRB20190226C,ac2c1cbadffeb26b068d231e5124b18ec653c57a4ed8efdfe076589cf64fa10c,FRB20190226C,2019-02-26T22:45:19.446509,827.77,1.4,0.00131,,17.46,26.76,15.9,433.3
347,FRB20190227A,0e7d43d29b5fa6f6ed815933b0c1b8c5f487a991801137b1290f03565c32e9bb,FRB20190227A,2019-02-27T04:43:35.675564,394.0388,12.5,0.001296,,108.41,56.34,112.0,599.9
348,FRB20190227B,82d669e57000fab0325ed3b44691c3596cd3b4b1f27d28eae85495379c5891b7,FRB20190227B,2019-02-27T12:11:09.887453,331.2289,0.7,0.000403,,220.54,39.8,15.9,400.2
349,FRB20190228A,377513c6e9a51a6a838670b22941781609982af786621ea8246851b2f9724ac3,FRB20190228A,2019-02-28T09:41:01.386062,419.0825,35.8,0.00225,0.01891,183.48,22.9,109.3,664.7
350,FRB20190228B,2b17706caea6ecb1690a25ad1d79b3536bcf1667547b9d70441438ffdcaa1ff6,FRB20190228B,2019-02-28T12:44:43.961196,1115.2461,66.0,0.00097,0.01459,50.01,81.94,60.6,489.5
351,FRB20190301B,3fd8d52e30dd054f2a039c5d58d57ca5479ec36a1273101757070b41c873ff56,FRB20190301B,2019-03-01T02:04:03.952704,621.333,0.8,0.00132,,69.5,74.08,14.9,400.2
352,FRB20190301C,274e41f90c447d05d632d4061539371a0fc746a8a34a4a3e2654c34bd3639227,FRB20190301C,2019-03-01T08:49:22.263888,802.913,2.3,0.00124,0.0084,171.83,34.93,13.6,400.2
353,FRB20190301D,affe79defd11fe756ca92756f5e906672c38cca03e0b904d7a37f27d5218d6d1,FRB20190301D,2019-03-01T15:49:33.728419,1160.692,1.5,0.0059,0.00053,278.72,74.68,16.3,425.4
354,FRB20190301A,9a98fd78c26ddd874412ac25760281e384d76134adffe07735f11c29c4cfcc2e,FRB20190301A,2019-03-01T18:03:02.473863,459.5613,8.6,0.001471,0.00156,313.06,69.83,53.5,592.1
355,FRB20190301A,189b0ab66468abf2ef151ce9e704df0896ea7ff5e0b575282260a869b2196ad0,FRB20190301A,2019-03-01T18:03:02.481638,459.5613,8.6,0.00124,0.00156,313.06,69.83,53.5,568.3
356,FRB20190302A,933748cc147cda18857cc9f7de264dcfc67ad8fa297d82623a7507705f32b7cc,FRB20190302A,2019-03-02T23:37:08.637600,1034.239,35.0,0.0071,0.0902,34.8,61.34,48.7,400.2
357,FRB20190303B,b55c14693443c364b32c8cb10c38ea23c5cb54e30dac64ddfd2531fb76594730,FRB20190303B,2019-03-03T05:50:25.006647,193.507,42.0,0.000715,0.00157,128.74,66.03,265.8,400.2
358,FRB20190303C,74721b4e0ea6bfa64bb52c54cdea7a71fa180e7f8651b3e2d9a6522cfd9e954a,FRB20190303C,2019-03-03T08:50:58.576733,1089.655,3.5,0.00176,,173.24,26.32,19.6,449.8
359,FRB20190303D,b875081b8e35967f00df71d65692ef13e22f7d7569f35e73ba0c691d270b8863,FRB20190303D,2019-03-03T09:23:51.744077,711.151,1.2,0.00081,,179.57,70.84,11.2,400.2
360,FRB20190303A,1868e2c5b9e4ebf6792dbf0a2dcd42cd1b6bcc1cd3bab4fc86587097e60c9c1b,FRB20190303A,2019-03-03T11:05:16.845446,221.667,2.5,0.00167,0.00296,208.03,48.24,23.1,631.5
361,FRB20190304A,df2b853f6cab1b5e450b44f45c8102d11534679dd82612be2bc2c4ab76e306b3,FRB20190304A,2019-03-04T05:28:11.453436,483.727,2.9,0.000408,0.0009,124.51,74.61,48.1,419.4
362,FRB20190304B,feb43e2f2a55de7478d8cc2053e839b708901e454be371289c4ad4127ee650a5,FRB20190304B,2019-03-04T10:53:01.131415,470.0053,2.2,0.00033,0.00062,204.86,24.19,28.8,400.2
363,FRB20190304C,b918f97eb490cec8d895f2239561eeaaabfe96e29c45d32c1fdff010974cdd64,FRB20190304C,2019-03-04T12:01:47.913980,564.991,1.3,0.000948,,223.01,26.72,15.9,454.9
364,FRB20190307A,f887767c2309ac53575916c99b86b47a93c8276fb6d90f5793ade0c49d3177df,FRB20190307A,2019-03-07T13:57:47.129723,355.337,0.0,0.00206,,254.55,9.85,18.7,557.1
365,FRB20190307B,c9f640a06915eee205e234e754c27dfbe9ac8e02219d7a5626fab5407c504357,FRB20190307B,2019-03-07T14:58:46.906723,294.001,0.0,0.02261,0.0211,269.2,38.4,19.9,656.8
366,FRB20190308C,2188b028c3b7167f71062e09bd017e2e5b0d273d852f151cdcc701a741017a44,FRB20190308C,2019-03-08T09:30:42.277236,500.519,4.8,0.0004,0.00229,188.36,44.39,39.0,453.4
367,FRB20190308C,2f81bbb66395ebcc87301b219dcd7434da7c1bfa863de83b240007e4179e8d30,FRB20190308C,2019-03-08T09:30:42.285937,500.519,4.8,0.00055,0.00229,188.36,44.39,39.0,449.0
368,FRB20190308B,8301dff4ed41e3f90a706c9cdad5b5351749fd19ed5597ac9e5413e884a91611,FRB20190308B,2019-03-08T11:12:28.333449,180.18,1.4,0.000186,0.00013,38.59,83.62,21.8,477.2
369,FRB20190308B,cb0db63071bd3799107e309687d24443122315cebf9b9f5005d63d047c02602c,FRB20190308B,2019-03-08T11:12:28.336283,180.18,1.4,0.00052,0.00013,38.59,83.62,21.8,455.5
370,FRB20190309A,237999742d4b66a91d006fe5f6f2b53594adae8616b677f11099b78cb39dd8c6,FRB20190309A,2019-03-09T15:26:36.733663,356.9,0.7,0.000581,,278.96,52.41,12.3,442.9
371,FRB20190313B,903cf576162db9125cb130f50ce59937f4681ff946c3b0cea95411781a92701e,FRB20190313B,2019-03-13T03:20:06.472234,1191.248,2.7,0.00064,0.00444,101.98,74.13,14.8,400.2
372,FRB20190313A,7153b56724f643a13d9ab24703023f5fd2e0fb2271f019817b1f750be1c27111,FRB20190313A,2019-03-13T09:21:46.759911,364.5,1.5,0.00186,,190.53,65.13,12.4,747.9
373,FRB20190316A,5f5274aa155382db4a8378b910f8cb401ac3ee8c500c6f4e53e6288a26b7c96d,FRB20190316A,2019-03-16T20:42:14.287700,515.9273,2.5,0.000834,,5.23,20.51,19.0,536.1
374,FRB20190317A,898f54df39929b599f9708642723a345ebcadebad7266b8140a777fc3d8ed924,FRB20190317A,2019-03-17T02:14:27.632003,1157.2595,1.2,0.00071,,87.44,44.66,9.8,582.6
375,FRB20190317B,da385805f130ff5e33fabb211a04650f71fd0f2fb186c124f3dae7a004b4098b,FRB20190317B,2019-03-17T03:03:02.005142,424.314,1.9,0.00125,,101.01,49.73,11.8,512.6
376,FRB20190317C,09377213bd32671e3515bf6603962459aa6a7f097f0b64a616eefa5f6a9829c9,FRB20190317C,2019-03-17T04:47:02.501751,598.263,7.8,0.0014,0.0234,125.82,32.07,18.1,472.6
377,FRB20190317F,71f85283e4132a0466ce3a9772174156d7e8fdfa408f23336786f201868f3abd,FRB20190317F,2019-03-17T12:09:55.351719,1118.109,26.0,0.0017,0.00902,236.25,47.05,82.3,434.8
378,FRB20190317E,05705decaae7e6c1676ce41717c46a5f88f3ebed6d6cdb6022bacee96d05a13a,FRB20190317E,2019-03-17T14:40:52.460809,800.88,7.3,0.00167,,274.37,13.25,14.9,800.2
379,FRB20190318A,de6a5fd62678ab74c887b93930341e85b7a74be7059bfdee2b9ffa8291a4b3f9,FRB20190318A,2019-03-18T17:44:02.655376,419.2661,14.2,0.00093,0.00623,324.11,74.46,32.4,402.9
380,FRB20190319A,fdba311caaed2357f9ec86b120b969eb1fcca9c9566bb64cd24eaa772e696fc9,FRB20190319A,2019-03-19T03:46:01.856456,2039.936,19.4,0.00147,0.0036,113.43,5.72,23.7,640.9
381,FRB20190320A,d59b4fc58a5d5c2f6cb4c2aba13c98eb5dc1e466c61cd8c929a5168a9edcc9fd,FRB20190320A,2019-03-20T00:21:02.396716,614.146,4.4,0.00118,0.00126,61.6,63.36,16.0,400.2
382,FRB20190320B,1fcfffe29fab166caf44170c247921fda1b340a42fca47df36ce950c5253fd9b,FRB20190320B,2019-03-20T12:47:33.663541,489.4949,1.9,0.000932,,250.4,39.63,20.1,400.2
383,FRB20190320C,b79b6a01257387302972039ecada18a3db165d0517d085d135b803f321d4be4c,FRB20190320C,2019-03-20T13:08:58.087755,368.7898,3.1,0.00104,,254.73,22.38,12.9,442.0
384,FRB20190320D,9e18d0590e0703520d76d9ce6caf57970c52ce9c5a37a164258091bfb4c4aff7,FRB20190320D,2019-03-20T13:33:08.213242,1141.35,11.4,0.0058,0.02,262.22,59.07,16.9,634.8
385,FRB20190320E,fd0255e7eae48cdd40534a5eaa0e8a265cd9467a70c654e9697832128d5b1eaf,FRB20190320E,2019-03-20T23:19:25.903344,299.135,12.3,0.000833,0.00072,76.64,89.16,38.8,592.6
386,FRB20190322A,90a75293be084766d42ee7bc14eae43849eedfe4eb20950ec2e7ac62eab59b5b,FRB20190322A,2019-03-22T03:28:04.367913,1060.118,10.1,0.00283,0.0112,110.75,51.3,22.5,563.0
387,FRB20190322B,22598de876ff4e69fd06fb169e863e33e47da4efd1b9bd99362a2656a59d18c9,FRB20190322B,2019-03-22T04:44:55.250362,576.982,2.0,0.0013,,132.03,73.34,10.2,400.2
388,FRB20190322C,0fe0e921c602f5c391f0f88ed4b68387bfeec2a5b66a1d4df2bdc285dce8566e,FRB20190322C,2019-03-22T15:44:17.304550,1192.0806,13.0,0.00014,0.00101,296.36,70.7,61.9,400.2
389,FRB20190323A,beb424fcb19d0206b4453caa1ec0cc2762d9deedc2677fa64e3071ae97379255,FRB20190323A,2019-03-23T03:27:58.299955,857.5038,2.7,0.00054,0.00263,112.37,34.46,14.4,542.7
390,FRB20190323B,4cadbd9e17022bc8f320336ae674223bed6424ad406b1aa638681109de57a0d4,FRB20190323B,2019-03-23T08:42:56.167352,789.5631,10.6,0.000134,0.00013,193.22,77.24,76.8,586.4
391,FRB20190323C,6b45b09d69e1c2636b3e8e6614138c92872ef1b86c10784e1f7cc5afdc00e3c1,FRB20190323C,2019-03-23T09:17:11.780246,381.118,1.4,0.00031,0.00108,199.5,40.07,12.7,454.3
392,FRB20190323D,f8fe2b9bcf364f1b449ff691d32d8ebfc83f0d13bb7417b474a215cd72f2c522,FRB20190323D,2019-03-23T23:47:28.051987,763.65,2.5,0.00543,,56.88,46.93,12.2,400.2
393,FRB20190325A,d99f9b256a26100170546bf057a765561d8bfc559bcc3ddb04a6a76a245133dc,FRB20190325A,2019-03-25T04:19:45.365606,359.289,4.6,0.00156,,130.41,83.07,15.6,400.2
394,FRB20190325B,fdef8f23d6aa81eed9e7b5efa97ffd5d36fd3993f0886b23d3a0504eefdd8033,FRB20190325B,2019-03-25T08:03:23.126890,1733.918,3.8,0.00135,0.00208,183.92,30.32,11.9,476.9
395,FRB20190325C,59ab4961bbb9b3ac23b0753de428ae79a4f91b7c37894826c1ddf7a969749b8e,FRB20190325C,2019-03-25T23:26:06.177610,797.83,3.8,0.0032,,53.85,60.17,12.3,542.7
396,FRB20190326A,1fba401ee3ef45e3462e4c60af93bee2d4feaeb8901a025ce568f05cced271f1,FRB20190326A,2019-03-26T06:39:15.434467,283.3113,1.5,0.000457,,161.9,74.22,13.4,458.0
397,FRB20190327A,0852c465247286a4b646099fa33f470406b83f67eead898a1cafc8a777c261ef,FRB20190327A,2019-03-27T14:27:27.813997,346.5748,5.2,0.000302,0.00033,281.31,34.28,36.4,400.2
398,FRB20190328A,c9ed53f8b0f96a8af45a12c419b8cec774baec2d36c8b4c05c84f1ce0be50c55,FRB20190328A,2019-03-28T03:46:47.368589,1303.58,2.7,0.0074,,120.35,59.1,9.1,400.2
399,FRB20190328B,53f36e8ef9b2d590e5df3f4c263a420ac0f265b07c7448876bfbfe7cc24a99fe,FRB20190328B,2019-03-28T09:48:45.809338,565.001,2.1,0.0016,,199.47,86.85,10.6,559.5
400,FRB20190328C,9bb8c74576fa50c0a0a81f64fe9bafb0f970dc70d98ecb3bbf62823d1bc8900f,FRB20190328C,2019-03-28T12:25:12.529900,472.8607,14.9,0.00077,0.0023,73.83,81.96,21.6,459.0
401,FRB20190329B,a017f060c83329ea4508bf8d3caa19144e61dcf4c576635cfc932ce069d08227,FRB20190329B,2019-03-29T01:20:33.059383,406.0539,0.0,0.00042,0.00337,87.9,76.27,24.5,500.4
402,FRB20190329C,333be2f8c8961bad332482364346fe34ac5c757bd6bd2c8d655c67686386a84b,FRB20190329C,2019-03-29T14:12:20.798617,1256.3592,0.0,0.001262,0.00089,279.79,51.63,27.5,800.2
403,FRB20190329A,33bbe7e1c7db4b360ef2bb8d1c995ddd2265638fbaa088cfb3fecb3db918d3d0,FRB20190329A,2019-03-29T23:58:21.318499,188.606,2.2,0.00104,0.0009,65.54,73.63,19.3,432.3
404,FRB20190330A,3ae34e0e38d0aa720cc08a43c4539c62dc6eb2e883be4aaea4cef56d690ff977,FRB20190330A,2019-03-30T09:07:55.552598,508.965,1.1,0.00097,0.00051,204.09,38.36,10.7,400.2
405,FRB20190330B,04f65e8091adff076f3f08e36aea00d7e2b653023f29eac87031e02f96dccfaa,FRB20190330B,2019-03-30T13:26:55.002385,668.0927,5.3,0.000342,0.00023,269.41,52.81,51.9,435.9
406,FRB20190401A,ed401f7d08e446be39b73848f3e21991d31dc32ea8f4986904402b11a4514383,FRB20190401A,2019-04-01T08:36:26.846006,783.216,8.6,0.00352,,196.8,79.91,24.8,479.1
407,FRB20190402A,14d82f4420a37e286e91a9e7438aec739098aba217cdf50fcec4ce43bf04c2a9,FRB20190402A,2019-04-02T07:10:10.470115,1291.69,1.3,0.00533,,178.61,47.1,11.5,453.3
408,FRB20190403G,c1ab9503433192ba06dc01578e5e0699cb206bd85a177140e35845cb8404e02d,FRB20190403G,2019-04-03T00:42:31.383706,865.311,1.6,0.00159,,81.74,25.78,15.8,506.6
409,FRB20190403A,a6f78f6615c8a68508a41b53033e9df20ab24e24a602a6f3809a2b10ebb8c049,FRB20190403A,2019-04-03T02:37:30.122947,518.834,3.2,0.0015,,116.33,86.36,15.2,513.6
410,FRB20190403B,248fab4985a4aee3e63c3dce18e3bf170873ac2ab08beedec6aae95eb9255625,FRB20190403B,2019-04-03T04:19:53.341190,292.473,23.8,0.00235,0.00578,135.47,1.46,26.0,453.2
411,FRB20190403C,7871c4675708b9963ffaa15d65d6aa63b9bc3abacd6394099683aa7ac9e7868e,FRB20190403C,2019-04-03T11:48:48.313094,935.009,1.5,0.00087,0.00186,249.83,58.7,12.2,400.2
412,FRB20190403D,e3196a7d024a2f638d7ee4dcba73228efa4ef132dcd56cf08a916b1508e77754,FRB20190403D,2019-04-03T17:27:58.955098,613.458,1.8,0.00131,,326.53,84.29,9.9,400.2
413,FRB20190403E,0e483b9a786cadad1a9764a475e29a6625e23dfda2bc599272b03e2ebc2a23a5,FRB20190403E,2019-04-03T21:14:57.638561,226.198,76.0,0.0022,0.0182,220.22,86.54,57.0,620.6
414,FRB20190403F,6091562bdfd069f66072cb90c014dd4f33059c7c84c0ecc4f770428c0d6a092a,FRB20190403F,2019-04-03T22:07:14.756966,664.184,7.1,0.00104,0.0105,43.34,33.14,16.4,400.2
415,FRB20190404A,30645188993af212013d80d4733684c77ea495163f977de746dce529350356d3,FRB20190404A,2019-04-04T04:41:06.215625,1353.9007,4.5,0.00136,0.00106,143.1,36.9,24.4,400.2
416,FRB20190404B,4e3991813650b9e4edd553818d09f284be510c39a0cb6ac7f1bbf40258571a2b,FRB20190404B,2019-04-04T12:32:15.618889,489.4231,16.3,0.000331,0.00011,259.79,40.0,175.1,400.2
417,FRB20190405A,708e4b70516d634b8b0d1be2139ee17f9d628a12e32f4be178665c31723ce96d,FRB20190405A,2019-04-05T17:34:26.398618,424.884,2.5,0.00111,0.00249,337.02,20.96,10.9,460.0
418,FRB20190405B,488f1a8464ca6797b5c3e20cac92b538f2ec203d13a060f5b8f44b5475ded951,FRB20190405B,2019-04-05T23:31:28.567891,1113.218,17.5,0.00082,0.00501,236.48,89.16,21.4,620.7
419,FRB20190406A,7dea4df71a30789e96a33bea4d298cf3a744eb46af4f4047f44234009cb561d1,FRB20190406A,2019-04-06T14:24:00,580.2254,2.3,0.00127,,283.52,46.96,16.3,539.4
420,FRB20190408A,8b58959138ef883aba593468fb77548b7c5c3bd221a5ab4261967790fa0c1360,FRB20190408A,2019-04-08T12:25:50.586240,863.3796,1.5,0.000839,,262.2,71.6,12.9,576.6
421,FRB20190409A,fba92f6c8f7998690f9381ff25d211ee6a679f87068911a1b1c26d7089c6c567,FRB20190409A,2019-04-09T00:09:58.673030,1791.8908,8.7,0.00023,0.00171,79.52,6.72,19.7,524.7
422,FRB20190409B,eb10fc288a3204cc1223c33ee48cc24b4e30266cbf6cfb633781c2b38daaf622,FRB20190409B,2019-04-09T03:25:40.040947,285.633,6.8,0.00234,0.0209,126.65,63.47,20.2,545.5
423,FRB20190409C,dd205b3319df20869efb133d518391397e7fb96004d1728c770c532fadea205f,FRB20190409C,2019-04-09T11:43:39.986141,674.631,2.2,0.00108,,252.6,71.62,12.1,418.3
424,FRB20190409D,8943a1207bb30501efcba7342d8e08c166dca1c2af9bf57a7c07f2aa33c0500b,FRB20190409D,2019-04-09T17:19:03.996105,1300.118,2.7,0.00155,,336.64,26.95,17.3,507.6
425,FRB20190410A,8b6c4a897446bcd9d67fcd89a9985c34d16b7a6c49ca262e0c8fae5f19716207,FRB20190410A,2019-04-10T12:19:48.857520,284.02,5.8,0.00101,,263.47,-2.37,13.6,515.7
426,FRB20190410B,a9f0b7b306fb28ea768e9e615147975cb8fdca1edeaa66a82263c9cec4d30e36,FRB20190410B,2019-04-10T12:27:52.420953,642.1699,0.5,0.000423,0.00021,265.76,15.17,30.8,454.4
427,FRB20190411A,51795f6faab0e8aa5ab818bb021c6ac743f7cec901e4bd2d818ba08b00b9074b,FRB20190411A,2019-04-11T00:37:20.283882,460.5552,1.4,0.000417,,80.0,83.89,9.8,800.2
428,FRB20190411B,b8e94b699f8b046e9f1131e968eab039a412563171931286267eca6ed481a2f7,FRB20190411B,2019-04-11T05:01:08.100512,1229.581,3.7,0.00138,,154.03,29.23,17.5,507.5
429,FRB20190411C,0b57c64d682b55e7f3981da0396d48e4ba6d975a52806ac964b115ae7464505d,FRB20190411C,2019-04-11T19:20:36.377583,233.66,9.3,0.001023,,9.33,20.5,50.0,636.5
430,FRB20190411C,4b177db5edf38ba3e46d493b60e0d6de272dfee14be2c9052be8472f4906c1ea,FRB20190411C,2019-04-11T19:20:36.382456,233.66,9.3,0.00089,,9.33,20.5,50.0,640.1
431,FRB20190412A,a8a403ca21fe1d13e7a9f84939eff80fcb2ef6e0d5a3c001940565e893147482,FRB20190412A,2019-04-12T10:54:18.451699,364.7329,6.9,0.001243,,243.45,61.87,44.3,706.8
432,FRB20190412B,a805f1a0b79f307d206dda35786361772b7faa1436cc294a0359e0a6174a6953,FRB20190412B,2019-04-12T13:43:36.692112,375.75,12.8,0.0068,0.0155,285.65,19.25,16.8,400.2
433,FRB20190414A,1e99082e9c37cbc70db93d3ec5c132e02bfdb7522e0c16fd16831384129ad21a,FRB20190414A,2019-04-14T06:38:44.406465,811.981,1.7,0.00195,,181.44,38.9,14.6,400.2
434,FRB20190414B,bdc913f0cdf7e69cdb0fb5cc79b7636d9b3e33d92527498d92e0d3cba911ffee,FRB20190414B,2019-04-14T11:03:03.697949,506.489,3.8,0.00457,,246.9,57.53,13.7,400.2
435,FRB20190415A,622c65c9b2c5ec83b50af38ae58cb6bd4d1ebb62e7f76fe1ce96e632d2d1d8c8,FRB20190415A,2019-04-15T06:36:02.832737,633.681,3.7,0.00248,,182.38,71.28,13.0,481.7
436,FRB20190415B,c95136206d434637274d16bdbdb56f43a90adbe96282bc7a3d30195561cce79d,FRB20190415B,2019-04-15T19:03:06.048346,722.993,22.3,0.00361,0.01861,8.86,54.85,50.8,518.3
437,FRB20190415C,32a735b8d597ed74008be0c9850e73c37b8b6a44dc4214d87083bbe5390cec8b,FRB20190415C,2019-04-15T23:23:46.088468,650.182,0.8,0.00055,,74.81,34.8,7.9,495.3
438,FRB20190416A,919ef11bd8d16acb074b5e5f4302c6cf4e98f2863553f43348601af487cd2828,FRB20190416A,2019-04-16T04:07:29.078656,2287.265,2.8,0.00072,0.0017,144.99,33.3,14.8,465.6
439,FRB20190416B,f00a147e652cc0ea4ebbbca744643b2224813613bc607b85aa7f967a16ac7fd5,FRB20190416B,2019-04-16T05:50:02.790136,575.36,1.5,0.0059,0.00049,172.19,35.95,29.1,400.2
440,FRB20190417B,93392e9d1c792bccc4e6ca3d70a8a9d76b636035e4e942663cdb23b8f3e574c4,FRB20190417B,2019-04-17T06:02:16.580256,1161.2,9.9,0.0019,0.0283,174.87,64.72,17.1,545.5
441,FRB20190417A,4573f11d685ee66ddd4f4d2f8789b8a14d16101b5657197ccb978dd8bd55908b,FRB20190417A,2019-04-17T13:56:04.819344,1380.08,5.8,0.00299,0.0033,294.85,59.4,26.2,558.9
442,FRB20190417C,d568da2a3713f05db4b9af9e0c0d8cb8aa10746232ef06188c22cd8003209cbd,FRB20190417C,2019-04-17T21:22:14.648331,320.2319,10.8,0.000413,,45.68,71.26,95.1,586.6
443,FRB20190418A,3a13502dc6c447625cec5464c1c515c2c5d1a1b03041308099289819cf7a701c,FRB20190418A,2019-04-18T22:34:17.029459,184.5069,2.2,0.000706,,65.79,16.04,26.7,400.2
444,FRB20190419A,404549c7ec06c32c5abf0dc91bccad6d6244a599f7ad24b53b1e42ed341882d1,FRB20190419A,2019-04-19T01:16:25.302657,439.972,0.8,0.00185,,104.98,64.88,10.8,407.1
445,FRB20190419B,27658dc8cebcce38557280e340a831d070561931720f03aafdef7eb14fdc2896,FRB20190419B,2019-04-19T22:38:29.333953,165.0752,7.9,0.000656,0.00025,255.27,86.74,36.2,487.6
446,FRB20190420B,0118c6421695bc7a4b0f1856b32009a8c55bc11d9a97b7f3ebc176981c2fc26a,FRB20190420B,2019-04-20T00:28:04.975651,846.8432,15.1,0.0003,0.00392,94.73,70.12,35.5,478.4
447,FRB20190420A,30dd978000c8fe1ea829ae654e6dee3228a91d8535fd57f987a3e74e4b871608,FRB20190420A,2019-04-20T01:14:51.836104,609.0998,3.1,0.00077,0.00264,106.55,55.96,25.4,800.2
448,FRB20190420C,cbc93ca695005764511b11dafa36f2f0cf557744f91cf547342a3ae2f6dce075,FRB20190420C,2019-04-20T10:40:43.909133,629.954,4.1,0.00195,0.008,248.1,37.25,13.2,400.2
449,FRB20190421A,a511a08d81466edd23859f917f2c1969847782d5b8494a21671dc2ece8188da9,FRB20190421A,2019-04-21T08:00:10.353162,223.641,5.3,0.00314,,208.03,48.24,23.2,633.4
450,FRB20190421A,e87728aafa243c59c0236192b3f10e87d1f95fce36602d0722f15b0db99ef292,FRB20190421A,2019-04-21T08:00:10.369034,223.641,5.3,0.00346,,208.03,48.24,23.2,585.3
451,FRB20190421B,fa3bce5adc9cb026ed2e97e4118cadbb8498e54011bf0979bdbc96d1a20a1ad2,FRB20190421B,2019-04-21T23:27:46.204402,392.2475,16.4,0.001123,,82.49,62.31,79.6,400.2
452,FRB20190422B,e73bc0333d24c3aedc55182c52e82898442b548926510dd9d4326286cc007d75,FRB20190422B,2019-04-22T04:30:37.448870,977.386,1.6,0.00324,,158.27,45.67,10.1,400.2
453,FRB20190422A,822203b31a754f7d715e2fd2b7e8cb9e4574e98e55445c3ccede02e21a8aa974,FRB20190422A,2019-04-22T21:13:25.608720,452.302,9.1,0.00322,,48.56,35.15,29.1,626.1
454,FRB20190422A,37e17aa7f1f32ef15fac42b02a80111952cda5352f2e91b9f28f759a427887d2,FRB20190422A,2019-04-22T21:13:25.621248,452.302,9.1,0.00231,,48.56,35.15,29.1,612.3
455,FRB20190422A,68b3076b2a96db15f98e648b0143b4eb369fcb483ffee5a524150b3ff7273722,FRB20190422A,2019-04-22T21:13:25.630233,452.302,9.1,0.002,,48.56,35.15,29.1,582.8
456,FRB20190423A,71816924058c599271aaab7ead1774f9f5db08ebd79962ac79cad8ce333fc504,FRB20190423A,2019-04-23T05:59:40.269625,242.6456,55.4,0.000414,0.00054,179.68,55.25,458.5,480.7
457,FRB20190423A,7cdaad03dffa84e601ebc25f0980ffb1c62efd0f4fa7a3432d6bce73cf39b06b,FRB20190423A,2019-04-23T05:59:40.272845,242.6456,55.4,0.002366,0.00054,179.68,55.25,458.5,400.2
458,FRB20190423B,76b44c31e997a7abf06b052913888d74d1d55dfc143cc59f0a7f7d96a5e6f39a,FRB20190423B,2019-04-23T13:51:59.863766,584.949,7.0,0.00249,,298.58,26.19,26.6,537.6
459,FRB20190423B,1a018c8f590e85a0698d48d61d97d5c5561cff3717448a33f9a84c5a9925bed4,FRB20190423B,2019-04-23T13:51:59.872061,584.949,7.0,0.0085,,298.58,26.19,26.6,524.6
460,FRB20190423C,f252ea07770c2dc74bf467ef3fdef1109ffd84ea6eead410942d462abbda2658,FRB20190423C,2019-04-23T17:36:29.149612,855.5273,4.4,0.00786,0.00248,349.08,86.97,20.4,433.0
461,FRB20190423D,1200d6ae090ccf20e77c01abc5999a7b117ef0eb24506af5baab5549ff341294,FRB20190423D,2019-04-23T20:10:23.305114,496.455,18.0,0.0019,0.007,29.69,84.8,29.1,565.9
462,FRB20190424A,cc07a590ad99b23cbd67ce3107b6f4c72478ca85ce612ed271639e9c0872a268,FRB20190424A,2019-04-24T05:04:54.642357,758.672,2.0,0.000666,,168.3,63.78,21.4,487.9
463,FRB20190425A,19f6f4143ae6cdc5de1543cd87412c1f37cc10e3499e3781df47db24a9a250b6,FRB20190425A,2019-04-25T10:47:53.932744,128.1577,31.6,0.00038,,255.72,21.52,229.9,591.8
464,FRB20190425B,440837c80990657fdfcdfd5582e5e2cf89572cfebe4c9011aeff753bc6bbb701,FRB20190425B,2019-04-25T18:05:48.244082,1031.7236,3.1,0.001108,,210.12,88.6,21.6,474.8
465,FRB20190426A,2ddf740c4a2f00e7e2f64c6c085dd451d5e9df282cd085436ffb66686b06efcf,FRB20190426A,2019-04-26T01:28:06.304236,340.6624,2.0,0.000398,,115.04,59.12,37.1,483.0
466,FRB20190427A,aefe3aa9a8993c6452ffb6fb02a4327c156bf18b6359a35b6488490138589421,FRB20190427A,2019-04-27T22:54:30.905805,455.7828,9.5,0.000339,0.00065,78.93,7.77,27.5,400.2
467,FRB20190428A,5cd8ef5ae277e8b9fb7b0b4f7baeb2f72d5d4b03c0d7c6da945e24c4c5426809,FRB20190428A,2019-04-28T05:01:29.494206,969.4001,7.4,0.000374,0.00363,170.73,23.33,45.7,696.0
468,FRB20190429A,216e01684cb5376433e1a416ddb2d74b041738ad50fb3544df8c000dcf4e1e4d,FRB20190429A,2019-04-29T12:11:06.082630,470.884,1.8,0.00125,,281.09,59.42,11.2,603.0
469,FRB20190429B,8387af8fb19a197c66ccd4c09dd491c42154e442a14af49c41dbb0a95189cdd9,FRB20190429B,2019-04-29T15:33:24.999091,295.65,5.0,0.00638,,329.93,3.96,18.2,422.4
470,FRB20190430B,3ba95c78e61e252d419081db6a32a96432cd05d67511940335e562c4255c2b46,FRB20190430B,2019-04-30T09:20:49.063632,2619.399,1.5,0.02556,0.0086,237.72,62.27,12.6,403.8
471,FRB20190430A,cde77db3dfcbf90f733fa74c842637c2f040869d30b4373ede0c176313ac23ab,FRB20190430A,2019-04-30T10:50:40.420781,339.25,7.7,0.00338,0.00323,77.7,87.01,14.8,433.8
472,FRB20190430C,b80a616b5c0e2384db52bd52d0ac78b0f156dd8aa3dde95788c0c4cabddd81d2,FRB20190430C,2019-04-30T11:53:50.840379,400.561,5.1,0.000893,,277.22,24.92,32.2,659.3
473,FRB20190501B,234628ab19c934eeb3b1e12161875fc7224b270ee3d0b111b64c0106f0a89785,FRB20190501B,2019-05-01T10:53:49.290084,784.068,3.2,0.000932,,261.45,54.36,29.8,400.2
474,FRB20190501B,d74d5e9dca2b5c2bfb3b3d635bbb735727afc5cbb81f20e3f04e5326dc4a7065,FRB20190501B,2019-05-01T10:53:49.293151,784.068,3.2,0.00084,,261.45,54.36,29.8,400.2
475,FRB20190502A,d05252f8fbeee1c47fd45d9ba2be8e0841384f83aa922e3e7304c54db4231268,FRB20190502A,2019-05-02T04:23:27.077100,625.7691,11.5,0.000849,0.001,165.01,59.95,75.8,400.2
476,FRB20190502B,e8955a7011d28da3112cd5dd1cc671d2fe154081cc33059ede2c8a0b189aeda5,FRB20190502B,2019-05-02T07:30:49.766253,918.6143,10.1,0.001201,0.00061,212.04,64.44,66.5,498.1
477,FRB20190502C,d70c89608860b8b4c7c36ff3c2f3b4ce711792610470889700563ca5a9048244,FRB20190502C,2019-05-02T15:56:15.906526,396.835,8.3,0.000527,0.00032,155.6,82.97,28.5,473.2
478,FRB20190515A,6b4b1be672387013e71108a5b05d45c195aa197bdb28efe677fc59beb8260d1c,FRB20190515A,2019-05-15T13:07:40.796976,450.503,16.8,0.00177,0.0383,310.15,55.46,39.3,517.1
479,FRB20190515B,9ab4492fb89cff26e8faca06cabbe220471b13c447b5d4a1307dad079d6f7e8b,FRB20190515B,2019-05-15T16:28:58.623920,822.1887,11.3,0.00038,0.00188,0.83,3.41,31.1,417.0
480,FRB20190515C,d8bbbdab5cea32be19b87f35f00ba6db571b937e6fd8772534bce6b16f6fc64e,FRB20190515C,2019-05-15T18:33:47.341785,652.39,5.5,0.00494,,31.72,20.08,20.9,531.5
481,FRB20190515D,b0a93b91e9787b08d668fa18514817718bbe5bda7d68f6e6ac05f28324954d8d,FRB20190515D,2019-05-15T20:58:16.215733,426.0611,8.8,0.00042,0.00149,67.13,-5.01,35.5,530.2
482,FRB20190516B,aba04eb2522e0e5c019d48b8ef4cee62374a506c213ddf51770abaee8180db61,FRB20190516B,2019-05-16T03:38:00.325962,1235.416,9.9,0.00149,0.00372,167.34,7.37,19.4,419.4
483,FRB20190517D,412fd1fcb67f1212553671ffec78940477f71fd758662c6937c9528ccdc604e9,FRB20190517D,2019-05-17T14:59:05.364614,1180.148,5.8,0.0023,0.0063,339.95,41.84,12.0,406.8
484,FRB20190517B,02cd7f9b27157f60832704ea3f9e7b6fa1a8ba0248749cdcba2cf47769da9e70,FRB20190517B,2019-05-17T20:33:36.968313,191.72,4.2,0.0058,,65.54,73.63,14.0,466.7
485,FRB20190517C,0035ac5babee1985a49f614bce5b1c75a71f2c95f834fc5c9202086cdbf977c2,FRB20190517C,2019-05-17T22:06:43.016889,335.5746,8.7,0.000377,0.00015,87.5,26.62,58.3,435.5
486,FRB20190518B,3f1130340ebde81f9008eb0eac67439b0fbd801e4603acc9f046673966095d80,FRB20190518B,2019-05-18T03:59:34.748419,913.7722,2.1,0.00061,,175.11,20.28,16.7,478.4
487,FRB20190518C,a0d580bbe842f6c2cbb0b4ed41913c487bedc36adc60ba5bb94f38f2bff96f59,FRB20190518C,2019-05-18T08:22:59.658058,444.0795,14.8,0.000635,0.00029,242.01,4.64,46.4,494.3
488,FRB20190518D,c509ff8d8b5b118dda9a436ed310fbb13f394f354de35f020eb3432fa662d942,FRB20190518D,2019-05-18T09:04:41.321009,202.4551,3.0,0.00026,0.00039,174.72,89.31,19.3,475.6
489,FRB20190518A,ae1696a921269f9f62e6f0c980858655efaa68f68d89d3368d443c714b529e46,FRB20190518A,2019-05-18T18:13:42.665013,349.607,1.4,0.00207,,29.5,65.72,10.6,437.9
490,FRB20190518E,6b9b1a4e1f0697442103b8152d4cdcd7443a41266b9df59be87f7ff1c2b9e255,FRB20190518E,2019-05-18T18:21:06.009938,350.1451,3.8,0.00196,,29.5,65.72,22.0,800.2
491,FRB20190518G,2ee9aa65c3ae955c26fecef833832fd355e7663625fa18d272842ff4227f832a,FRB20190518G,2019-05-18T22:40:50.273754,524.9464,1.8,0.000666,,94.79,75.52,33.6,456.4
492,FRB20190519D,d9295297c3a751961ff66f293e0f35c9222f59e7ce58eefe13ad14a70fe532aa,FRB20190519D,2019-05-19T03:11:52.406102,539.771,0.8,0.00183,,164.57,42.99,25.3,400.2
493,FRB20190519E,0db7708cbe6fcee550fb378396087f1b1d786f538eab610800c872f2327db869,FRB20190519E,2019-05-19T03:28:47.109466,693.8297,1.5,0.000414,,168.28,41.65,30.3,800.2
494,FRB20190519F,864b1b465e74bbe10b806ab19577760427557bf2c0399756c68156a907fef364,FRB20190519F,2019-05-19T03:30:11.396995,797.766,4.0,0.00136,0.00136,165.63,77.23,41.0,453.9
495,FRB20190519G,1bd54010178ab63362119b6a43eced0fdd5755f587c9b8d781124b09e06f5315,FRB20190519G,2019-05-19T12:48:13.961114,430.094,22.0,0.00306,0.0111,306.68,72.34,40.9,471.1
496,FRB20190519H,d2f9ce03dedc09454c1d9e9a45c5656b68273cdf0efd985836f0df74f984e270,FRB20190519H,2019-05-19T15:33:55.996517,1170.8729,6.6,0.000255,0.00031,342.99,87.37,57.7,435.0
497,FRB20190519A,c7495bdee4bd9b118452ec198de895ec9a6bc80a5da08b36bb806f1a555afa31,FRB20190519A,2019-05-19T17:50:25.640077,348.7128,3.9,0.000269,0.00036,29.5,65.72,43.4,521.3
498,FRB20190519A,b11ec807c5edf69b9c149e49813e23df3a61b10569fe1be0c614a51ccdc55ac2,FRB20190519A,2019-05-19T17:50:25.645148,348.7128,3.9,0.00128,0.00036,29.5,65.72,43.4,480.6
499,FRB20190519B,4acc2b584e82296f92530bde260e2cf59957631e4f56ba19bdc9f103aa91b73b,FRB20190519B,2019-05-19T18:09:01.499956,349.28,12.4,0.00203,,29.5,65.72,44.8,662.5
500,FRB20190519B,5455419e84189da8e06bc0a0c40b23433844507780e8ca558c4c1ae07019214c,FRB20190519B,2019-05-19T18:09:01.508060,349.28,12.4,0.00151,,29.5,65.72,44.8,575.6
501,FRB20190519B,bef1d9f8c4a84921d6c36e77a878c9d0b7ab8044e329c7c590b217418b1e55f9,FRB20190519B,2019-05-19T18:09:01.515629,349.28,12.4,0.00606,,29.5,65.72,44.8,514.3
502,FRB20190519B,c347321577f312051db7a7041775a8d14e077b90c323d87a81675d167ce5410b,FRB20190519B,2019-05-19T18:09:01.526420,349.28,12.4,0.00219,,29.5,65.72,44.8,473.1
503,FRB20190519C,9942d9f4c9efcbe11c15ada92dbf6a4dfed9fec1ceacce5af03e8f9fb3c7e66a,FRB20190519C,2019-05-19T18:10:50.193886,349.064,4.0,0.00288,,29.5,65.72,27.1,487.5
504,FRB20190519J,41aeb74410a9c10f17577492deec7b2aa80e669164105281e4c05e89608db3e4,FRB20190519J,2019-05-19T23:04:07.651540,642.759,1.7,0.00046,0.0005,296.21,86.93,18.6,419.5
505,FRB20190520A,c31050fddf6a25edf7c7d76c325f01df87ab5666419d7f25823bb61253ac1c3d,FRB20190520A,2019-05-20T10:25:03.463648,432.5063,2.4,0.000649,,273.52,26.32,28.7,444.4
506,FRB20190527A,c815719d6fd54115652903ab540864cac1cda996d5bc8209d773fd9fa92de073,FRB20190527A,2019-05-27T16:28:07.706179,584.58,10.1,0.00267,0.00508,12.45,7.99,32.8,484.7
507,FRB20190527A,fffb7c6ccf23bfe7a82bb64cb117efd51a9b73f2af0227123206a9ddc00b3308,FRB20190527A,2019-05-27T16:28:07.725360,584.58,10.1,0.00247,0.00508,12.45,7.99,32.8,449.1
508,FRB20190527B,11df6865f74ef6165d3cf912b071afa405b3cf7b576435e0949f6b5bd98aa52c,FRB20190527B,2019-05-27T20:39:41.740647,449.819,2.0,0.00212,,73.92,63.22,10.0,637.0
509,FRB20190527C,31d72d97ed8dfd82d32bce18838ad11b48637afc69e2278c88ca7dd3bb69417a,FRB20190527C,2019-05-27T22:23:06.517183,535.4368,20.0,0.000491,0.00381,100.22,57.0,80.2,434.3
510,FRB20190529A,bae61a02585aa2ccd653bcc7ef1ed5aad5e0b636320d674828c4be28ff5cbd14,FRB20190529A,2019-05-29T20:05:58.978613,704.45,1.4,0.00104,,68.06,40.32,8.3,453.4
511,FRB20190530A,a44f4392fb7e6e3d2cd2ae829bb3e4cd59950a749be28eeefd08ddcb6635b1b6,FRB20190530A,2019-05-30T20:07:47.241823,555.445,1.7,0.00102,,68.74,60.59,14.9,441.1
512,FRB20190531A,fe27dfbf44ada17320a2a81c343d3cf0b3144903c980a5a76ac310fcc7987f73,FRB20190531A,2019-05-31T05:14:22.503506,324.6981,0.0,0.000628,,203.96,81.72,14.4,482.8
513,FRB20190531B,4df94434e27aa61f2ef93fa7e17972ad2dec7cae1ac52ed4c7f2010ff1857db2,FRB20190531B,2019-05-31T08:47:45.615436,167.9597,0.0,0.00067,,259.91,49.32,122.4,474.6
514,FRB20190531C,992579197b781ae43bf31da6cc9f894f3179c63897d9dfc503f5e8a569471749,FRB20190531C,2019-05-31T13:33:17.706191,478.202,1.2,0.00145,,331.14,43.0,12.2,453.0
515,FRB20190531E,7d5ce20f8ca110e023b893213bed2a47af7368991d93f93f649a4b09c92b9861,FRB20190531E,2019-05-31T16:28:14.398904,328.2034,5.3,0.000465,,15.2,0.54,14.2,800.2
516,FRB20190601A,503b28858f2bb4aca2f055449952e6985c18d8d50efcd96887935e79a403461f,FRB20190601A,2019-06-01T04:05:39.872382,2227.891,2.7,0.00172,,190.11,62.72,16.4,638.9
517,FRB20190601B,63cda52e9573669534483bdfd5a19ad9f8def10a204ca0078b53b16023ec4e87,FRB20190601B,2019-06-01T16:31:43.998505,787.795,13.0,0.00404,0.00567,17.88,23.82,62.7,429.5
518,FRB20190601D,6590778f81e1d8f1b095e4a9f5de6029ebc5d7d70ba8b2d49729d583f6cef3d5,FRB20190601D,2019-06-01T20:55:23.147011,668.47,5.7,0.00467,,85.86,79.35,11.5,400.2
519,FRB20190601C,764fd1bba7d94668ad75f727ab4c44ee5bb0cd87910051483b0e437cc039da28,FRB20190601C,2019-06-01T21:13:39.191508,424.0656,5.8,0.000684,0.00012,88.52,28.47,47.9,517.0
520,FRB20190601C,511e893b1edd60644e4651d8deebe8804eab5bec18da930a2ea84ec5e1c550ad,FRB20190601C,2019-06-01T21:13:39.195025,424.0656,5.8,0.00051,0.00012,88.52,28.47,47.9,502.2
521,FRB20190603B,b3937da3969fa05eb49007386a7d1d4596ce95774452a612685a821314a8a50b,FRB20190603B,2019-06-03T06:25:19.634736,504.317,6.2,0.00154,,48.87,74.28,12.7,400.2
522,FRB20190603A,1df3ed82d6a7b973905464e2fb3dfb843b6196b8c8b5f06d889457fcc7538c3c,FRB20190603A,2019-06-03T17:09:23.427970,349.581,0.8,0.00171,,29.5,65.72,10.5,691.2
523,FRB20190604D,3d1408197c4c1b2db9cc80ec3b475dffe7a865cc2b607580e134dfee483e0e58,FRB20190604D,2019-06-04T04:31:39.622172,1021.169,2.5,0.00163,,199.93,15.73,15.0,622.6
524,FRB20190604A,b17f5518b7c502f0c82fd94cb638ca747c16d4cb01dd69a8999dad96e94ee512,FRB20190604A,2019-06-04T05:49:57.247283,552.485,7.8,0.00184,0.00183,218.78,53.28,70.0,433.4
525,FRB20190604E,8e31f56fca5eadb334843e9da7688bbb2f2df58cbd8a1fc5d272f3bca7b96168,FRB20190604E,2019-06-04T06:55:49.848130,1218.5965,2.3,0.000962,,235.59,32.06,19.7,400.2
526,FRB20190604F,0dbfa01c1b07e0dbab81a36cbb9da515c083536253bf4e85bc90450d0d81c336,FRB20190604F,2019-06-04T17:11:39.801039,348.7248,21.0,0.000854,0.002,29.5,65.72,98.8,663.7
527,FRB20190604F,75e0e5e38f57705e84bfead90346efa2dbe46266ad82dd1d5790d269a82a9cb2,FRB20190604F,2019-06-04T17:11:39.805472,348.7248,21.0,0.00087,0.002,29.5,65.72,98.8,609.5
528,FRB20190604F,9d4c145e4cd0b45eba0233c14b146c2db39dfb087f0e84b501eb87bef03dcac3,FRB20190604F,2019-06-04T17:11:39.809783,348.7248,21.0,0.00112,0.002,29.5,65.72,98.8,544.0
529,FRB20190604C,89b3be8972d4fade6cc57c0ed75b1ddf4e7f58bc571c5f0a2c9115d5cf48c28e,FRB20190604C,2019-06-04T20:17:40.686850,515.636,26.2,0.00541,0.011,77.39,49.3,61.6,451.6
530,FRB20190604G,167782f61378c274731cb20bd7a780612b8541a347e74b52711ad42dfa92ec49,FRB20190604G,2019-06-04T23:12:26.559225,233.0453,4.5,0.00119,0.00031,120.81,59.5,24.8,400.2
531,FRB20190605C,7c84a1fa300efba9ebdcf331607796dff83edeeb88e301ec4900166d1a708733,FRB20190605C,2019-06-05T02:20:46.945533,187.6421,4.4,0.000495,,168.32,-5.19,47.5,452.2
532,FRB20190605D,c23bbd43383652013d5c21bb1aeb4c92944d47496df63203b4ff34f233e3d37a,FRB20190605D,2019-06-05T16:53:06.037526,1656.5332,2.2,0.001069,,26.72,28.62,17.4,643.9
533,FRB20190605A,3cd8b3e91b786693565e927f5bc9b6f2b88471bb30ff3af6b5b820a52e5981cf,FRB20190605A,2019-06-05T16:56:04.925979,349.816,7.5,0.00213,0.00076,29.5,65.72,55.5,510.6
534,FRB20190605B,caaa211c516d9c165610f5bf20c74b2af14931a5639894e0f40a843ab296739d,FRB20190605B,2019-06-05T17:02:30.867504,348.711,24.9,0.002,0.00172,29.5,65.72,87.8,436.2
535,FRB20190605B,25401245dbdea2c55e0f4cb9094a6a667072cff0964b3115e17e92daafd5977c,FRB20190605B,2019-06-05T17:02:30.877812,348.711,24.9,0.00125,0.00172,29.5,65.72,87.8,452.2
536,FRB20190605B,20a53cfc9d181c5fa3ba67c3c2ddf4f962992b90e3b16b9ae4b7f4bbb377bac4,FRB20190605B,2019-06-05T17:02:30.887938,348.711,24.9,0.00074,0.00172,29.5,65.72,87.8,459.7
537,FRB20190606A,01f3fb165eb64334a6b92fa30336148bce20c8ad642042553a03c996a427cda7,FRB20190606A,2019-06-06T05:34:31.529223,552.592,1.9,0.00133,,218.78,53.28,18.3,559.0
538,FRB20190606B,56edb121d648acbe3d860cb4f5f028acddfacf3c08adfa9851a2620cad04dc00,FRB20190606B,2019-06-06T22:19:38.281999,277.486,17.4,0.00101,0.00481,108.79,86.85,39.9,569.2
539,FRB20190607A,46fa14982a6183d4bbfa9082c90a71615cd8f2d072fc36ea83872a27658d2bdc,FRB20190607A,2019-06-07T16:39:32.671667,562.4528,21.3,0.001736,0.0004,26.23,23.66,142.0,400.2
540,FRB20190607B,1adf436b3816f3d15334bd03892facb89603a33be5411d2577b7574f50dcc5ee,FRB20190607B,2019-06-07T17:41:57.830876,289.376,3.2,0.000916,,42.02,49.62,17.5,800.2
541,FRB20190608A,32514bf30408c2e2266655a845feb2e5d6dfea0068cceb284c4183bf2b69e8d8,FRB20190608A,2019-06-08T14:53:12.272654,722.1756,1.5,0.000386,,359.23,19.17,14.4,570.8
542,FRB20190609A,9c0e479a07f09ae4e6ab516117e3162df28904229d7d13d8c2357b27384d4df0,FRB20190609A,2019-06-09T02:46:02.142056,316.6434,10.4,0.000432,,345.3,87.94,21.0,579.3
543,FRB20190609A,ecad94eb7052761a50a5524a17a159d30e6e8614d2a47fbc2840451204a5e396,FRB20190609A,2019-06-09T02:46:02.149737,316.6434,10.4,0.00212,,345.3,87.94,21.0,600.5
544,FRB20190609B,b4d4407bef68cae06e6b228bf92725aa5ddeb6cba25b65055a148fbb0af8257b,FRB20190609B,2019-06-09T16:47:41.133919,292.1875,22.2,0.00055,,210.49,88.35,76.5,487.1
545,FRB20190609C,594d93f1f689703b8fcca7b575db3818eef243918c23f2e0d98f0ac8938730ff,FRB20190609C,2019-06-09T19:39:09.351608,480.282,1.9,0.00207,,73.17,24.06,17.1,422.9
546,FRB20190609D,9e77dc875b0d8d53489b17f98b6f5743521b22e17e75e5266d0527f33637522f,FRB20190609D,2019-06-09T22:33:14.591342,511.714,2.4,0.00158,,115.94,51.69,16.2,400.2
547,FRB20190611A,87cce64d1fdad3c3ec23e3a1369537989cfaf8bba30cc77f291c20465bb6776b,FRB20190611A,2019-06-11T18:52:42.368209,190.449,8.4,0.00247,,65.54,73.63,26.2,671.2
548,FRB20190611A,334902d9ae7393399399a2970dec02d46d2c7807764024ee7a87835dbbb6eaec,FRB20190611A,2019-06-11T18:52:42.378240,190.449,8.4,0.0028,,65.54,73.63,26.2,666.1
549,FRB20190612A,812b559b9deacc8147a5da0b6d7b0770314ad0a6bbf043ea2df81b035676cfb8,FRB20190612A,2019-06-12T00:36:59.611248,432.291,20.0,0.00194,0.0381,148.16,70.42,22.2,497.1
550,FRB20190612B,67d4f1ca24d6efa4c91c00af2d0210a558aac28525263d3722f056484fc058ad,FRB20190612B,2019-06-12T05:30:42.784453,187.5997,3.8,0.000186,0.00012,222.21,4.31,25.6,491.3
551,FRB20190612C,134d26946bfc8cc554a8152446042c8d7bcfad303f0c71c67303b0e80cb8a858,FRB20190612C,2019-06-12T19:59:13.142919,1641.5697,12.1,0.000925,0.00029,79.12,61.01,36.2,618.3
552,FRB20190613A,e237beb1693c47fc772b1f9806b46b3aad32d36718db1e7bd0b060c503874926,FRB20190613A,2019-06-13T07:45:23.915376,714.977,8.0,0.00387,,257.4,18.85,14.1,535.2
553,FRB20190613B,3a5fd68bc230aa9a4a0bd5d5f7114d14dce6726336430ca7201706b33636874c,FRB20190613B,2019-06-13T18:56:23.306487,285.1379,1.3,0.000426,,65.75,42.67,44.5,466.6
554,FRB20190614A,362af6b6d4cfe691c40f1eaec170ec8dd8d693ac9c8434f3bca8d1348a694235,FRB20190614A,2019-06-14T03:46:15.468464,1064.039,2.2,0.00393,0.00077,179.79,88.33,14.7,411.1
555,FRB20190614B,d14afe0c89ee1283198430f6d84618f48ffbf04bf7d463e3c3044fa1a0c2de76,FRB20190614B,2019-06-14T12:41:33.446536,581.9146,8.4,0.000648,,332.86,24.69,54.8,463.9
556,FRB20190614C,0e72c520218965c97d3f0e879e1e21c29ee7470ed7b42c10982a9c924d165692,FRB20190614C,2019-06-14T14:13:10.500917,589.163,2.9,0.00259,,356.5,35.91,9.7,400.2
557,FRB20190616A,09c2b1a4cc21b194abea41ff16c48a4b542c761f97c2344c2d5cfbc4a411eb4d,FRB20190616A,2019-06-16T05:56:36.674932,212.5867,1.7,0.000654,,234.03,34.48,13.4,400.2
558,FRB20190617A,35bfab474f2aa4113009a00dda78fc9340ab8f0428a8dd4c8157fcef92c5b759,FRB20190617A,2019-06-17T02:12:39.590334,195.7693,21.0,0.001489,,178.6,83.87,156.4,409.9
559,FRB20190617B,46a17b0d9b45e53d49b412fca87412ba869923f443524c31ecf04436f803cf17,FRB20190617B,2019-06-17T18:05:00.692218,273.51,9.2,0.00758,,56.43,1.16,16.3,459.3
560,FRB20190617C,b02340f87620bb4778ee4ffd4e97527d7b0651fd3372bc433646356ea150b8d2,FRB20190617C,2019-06-17T23:13:37.683178,640.156,4.1,0.00388,,134.37,35.7,14.1,732.3
561,FRB20190618A,9fdabe2b96139534bf1cd281eace10f80387369ad7c58315a21310a29196ee82,FRB20190618A,2019-06-18T11:42:12.468548,228.9469,4.3,0.000548,,321.25,25.44,52.5,419.3
562,FRB20190619A,8e4bb5a82d73394982b8a11c393a0548fbaa387f28eb5d079ad10bd351f75aff,FRB20190619A,2019-06-19T01:16:36.544195,899.9116,3.3,0.000939,,165.18,68.37,15.9,552.9
563,FRB20190619B,f31c544d20589f499d88c1902ab4ff1e6f4b5f1acf7775caced410f1d8ad1da5,FRB20190619B,2019-06-19T05:45:49.612277,270.5868,4.5,0.000516,,231.74,82.15,19.0,400.2
564,FRB20190619C,64499b0fb52b76a3d15014a05b4fc06fdbedbfb510281e6c7d1b3335bc872c8d,FRB20190619C,2019-06-19T16:46:36.306826,488.2712,1.2,0.000399,,38.29,36.33,11.5,800.2
565,FRB20190619D,d8b9a3b07aeb90eca5b6edb9fcf77e3e34a7174f60ddd7883ecefb10d9e00568,FRB20190619D,2019-06-19T21:49:51.900413,378.466,6.5,0.00139,0.012,114.79,41.59,18.4,400.2
566,FRB20190621A,aadc3e1c4ba38f2d5c16fd3dfd4ba1bfb420bb6933ff4a93ed449b97a7fc31e9,FRB20190621A,2019-06-21T02:21:23.928250,197.32,0.9,0.0086,,188.22,74.19,11.1,400.7
567,FRB20190621B,092ab5bb84d92f40f9ab9ca57bf10c4c55ccc412c70b04a29bd82a656df8022a,FRB20190621B,2019-06-21T02:52:52.342723,1061.234,1.2,0.00138,,193.14,55.64,9.9,400.2
568,FRB20190621C,a09f94fedeb5c8c3fc2ff86a6b77d26deccc93feed4246f5b0fa15ac3258341e,FRB20190621C,2019-06-21T03:49:41.929680,570.2672,2.4,0.000443,,206.57,5.23,17.5,485.4
569,FRB20190621D,2018cfea3de2d4ff391183329b4d734d5664dd4b5b6d7be1a7890c03d5755228,FRB20190621D,2019-06-21T08:14:56.370077,647.514,4.3,0.00229,,270.63,78.89,20.0,472.1
570,FRB20190622A,1858d6f75ff0e85c04e31c24452bd779af15fb2c8c024ed45d9581e4bd45e05f,FRB20190622A,2019-06-22T09:46:17.711703,1122.818,1.3,0.00119,,298.98,85.81,13.7,411.9
571,FRB20190623A,82b00e03203793dff6e350253b290a1ea11627f9595dda8bf2e3f377a7b412bf,FRB20190623A,2019-06-23T07:56:31.617929,1082.201,0.9,0.00098,,270.48,24.52,11.1,469.8
572,FRB20190623B,f28b3bf0d41cd3608b57d0de75576cc133bc3e821060331b3deef37fc2a3d15c,FRB20190623B,2019-06-23T12:16:58.142939,1556.765,2.8,0.00197,0.00072,335.22,46.12,37.2,643.3
573,FRB20190623C,2f43bf82e0b2b0c84811dbad49275245c0ea744385cedb1501d9946c702be2e2,FRB20190623C,2019-06-23T15:08:04.523225,1049.826,5.9,0.0059,0.00159,192.31,86.03,15.0,400.2
574,FRB20190624A,ca35d8b9c367dfd0e39673cba44a384c8d8bfda83ffeb61228bcab7d3f0e3ba1,FRB20190624A,2019-06-24T01:09:39.480552,973.847,3.0,0.00152,0.00095,168.32,69.78,19.2,400.2
575,FRB20190624B,e2e1d208f66d070493b3a6ba206461c4948c8d5e13c0369c3babb11a3751d3ea,FRB20190624B,2019-06-24T22:11:06.441372,213.9222,20.0,0.000372,,304.65,73.61,80.4,598.8
576,FRB20190625A,7bb247120af1da0dad4406698379a53efa4813a2c5e4148c46bb097b67ea6754,FRB20190625A,2019-06-25T05:02:46.332931,302.14,11.9,0.00392,0.0169,227.91,32.88,38.7,400.2
577,FRB20190625E,86234e9c01941b3dd9c9f53c9d4b0faf6d2a78e3f8045443954bc599552837b4,FRB20190625E,2019-06-25T17:43:46.750406,188.533,4.2,0.00083,0.00066,65.54,73.63,27.8,434.6
578,FRB20190625E,f33a6bcb7c003afcc7d4b74c95e800cf74f35503eccdddfd976ef7136c5388b6,FRB20190625E,2019-06-25T17:43:46.757050,188.533,4.2,0.00097,0.00066,65.54,73.63,27.8,429.8
579,FRB20190625E,58d2b7fce77f82a87c219b59a1b6908869031ee4d28c4e20eea58bfcdc6e2912,FRB20190625E,2019-06-25T17:43:46.777725,188.533,4.2,0.00062,0.00066,65.54,73.63,27.8,400.2
580,FRB20190625C,d3bb9de295eb1da7c6dd39e6102736da93cdf94e0bf0eda007b826731e22922b,FRB20190625C,2019-06-25T18:36:27.835459,442.2388,4.0,0.000547,,73.2,11.1,21.1,410.7
581,FRB20190625D,8d9e0cb6fa939968fa37850a64093dc4cdbe102fc825612ed197dcdf63e53528,FRB20190625D,2019-06-25T21:27:17.483569,717.8831,12.1,0.000687,,115.02,4.87,66.9,450.0
582,FRB20190626A,149779dd2c65af8ee6744996c6854a3381f810e00ad2d11b11cdae95678076fc,FRB20190626A,2019-06-26T18:37:52.821293,192.49,5.3,0.00835,,65.54,73.63,17.6,423.0
583,FRB20190627A,56041012d5656d4cd1e2cb3f92fa9f29681349fc44aed8d1b5ecbaa3b16c2670,FRB20190627A,2019-06-27T02:46:47.455107,404.2213,2.6,0.000663,,195.89,0.75,14.7,474.6
584,FRB20190627B,1b881eabf844a881de5e020c57c83ce2bbcf87662db7a314b0de0f812753c5ea,FRB20190627B,2019-06-27T06:46:25.451298,430.3224,10.2,0.000444,0.00062,256.4,40.79,68.4,501.6
585,FRB20190627C,b9bdf76cfbedfd0f5e2dde85f52fa83d29232aa33e25f454b19ae73e837dddb3,FRB20190627C,2019-06-27T07:23:22.054966,968.6127,11.3,0.00082,0.00016,267.88,71.58,57.0,400.2
586,FRB20190627D,15f28ebe7c51c94b89c8ec155475708dc73ccb8dfd122483fb86d3b81b780c51,FRB20190627D,2019-06-27T09:21:51.686205,2002.242,1.5,0.00786,0.0027,295.33,43.84,15.0,482.4
587,FRB20190628A,04089376d6d7f722dab68092232ba39492e6c29bb03df8682c805b7ecd9e7da4,FRB20190628A,2019-06-28T02:51:49.794204,745.843,1.3,0.000477,,199.06,51.75,14.4,579.1
588,FRB20190628B,ed299363a94f165ba08388e2d828d99fa826db4f3c2e5cb1ff9dfc247ee1e694,FRB20190628B,2019-06-28T05:56:50.628273,408.009,1.4,0.00027,0.00047,248.48,80.14,16.3,400.2
589,FRB20190628C,8f7a847a0272894646743907832f28a62b8cb5d1ddd14a0fc20cc2349304ae28,FRB20190628C,2019-06-28T14:22:31.604073,1748.44,2.5,0.0042,0.0039,11.52,48.59,13.7,433.1
590,FRB20190629A,97fb381999209d8a5750b65166ddda8732d4b258e1ffb6101a51c538bf084ef4,FRB20190629A,2019-06-29T13:53:48.587729,503.779,3.0,0.00114,,6.34,12.67,13.2,568.2
591,FRB20190630B,bd1700d5ccce2c72eceabb6c20d1ee73a6b8f3332efcad3537325499b99a465a,FRB20190630B,2019-06-30T11:19:16.734394,652.145,14.7,0.00187,0.01197,328.21,43.01,93.3,526.8
592,FRB20190630A,ad1498d8ac448e914ff3ddca3b796d9321e89fac978431dbfcf0c84909d90938,FRB20190630A,2019-06-30T11:34:44.445901,392.438,4.8,0.00075,0.00518,331.71,17.37,31.2,476.6
593,FRB20190630C,3b9711b98ed13d0a2a32668a81a99cd69a029754e9edbbbe4f4fd7e3990d2776,FRB20190630C,2019-06-30T17:50:14.159495,1660.347,2.3,0.00121,,68.38,80.95,14.2,439.7
594,FRB20190630D,59ee0062ccbf1e20dfc7ad2e12aae47688543a74e74857392554aff8a23bfaa0,FRB20190630D,2019-06-30T22:59:53.987948,323.5174,2.6,0.000555,,143.36,8.9,19.7,400.2
595,FRB20190701A,0675dadbd02b7ad2a60f5aad405f7aa80bbb6fa7be069c2080904f25e75d7a76,FRB20190701A,2019-07-01T07:52:12.419751,637.0934,1.7,0.000608,,277.47,59.04,14.6,800.2
596,FRB20190701B,55e1449136c66fbb9a6ee83b2875e41a5ec2824c3c7e6eb990bb3461aa0b218f,FRB20190701B,2019-07-01T09:50:43.445547,749.114,1.9,0.00063,0.00034,302.93,80.18,17.5,471.5
597,FRB20190701C,798e25d3e880f1ec2cb98f5fa38807c0c8865b859cae0d3c7aa49ee32df43977,FRB20190701C,2019-07-01T19:37:14.872126,974.195,2.5,0.00144,,96.36,81.63,16.8,446.4
598,FRB20190701D,7f57488f68a4efba847d71ba09f81ffb8d703d235735bc4829d97a47e9eb6247,FRB20190701D,2019-07-01T20:54:07.897173,933.3629,8.6,0.0014,0.00153,112.1,66.7,44.8,467.6
599,FRB20190701E,9b4a4af10e47e7160f15eaa9b8eee9e15e7c9cfcf3386041c7aaaa912ca285b0,FRB20190701E,2019-07-01T22:32:03.568476,890.4771,2.0,0.00042,0.00067,138.57,61.71,16.7,410.3
